--
-- PostgreSQL database dump
--

\restrict luoHhLIH1ItrRTC5YqCpGU1euUKnph9F9ZyEDXlgJgpUKpYKSkeKcZvvMYepeio

-- Dumped from database version 18.4 (Debian 18.4-1.pgdg13+1)
-- Dumped by pg_dump version 18.4 (Ubuntu 18.4-1.pgdg24.04+1)

SET statement_timeout = 0;
SET lock_timeout = 0;
SET idle_in_transaction_session_timeout = 0;
SET transaction_timeout = 0;
SET client_encoding = 'UTF8';
SET standard_conforming_strings = on;
SELECT pg_catalog.set_config('search_path', '', false);
SET check_function_bodies = false;
SET xmloption = content;
SET client_min_messages = warning;
SET row_security = off;

--
-- Name: public; Type: SCHEMA; Schema: -; Owner: postgres
--

-- *not* creating schema, since initdb creates it


ALTER SCHEMA public OWNER TO postgres;

--
-- Name: SCHEMA public; Type: COMMENT; Schema: -; Owner: postgres
--

COMMENT ON SCHEMA public IS '';


SET default_tablespace = '';

SET default_table_access_method = heap;

--
-- Name: auth_group; Type: TABLE; Schema: public; Owner: postgres
--

CREATE TABLE public.auth_group (
    id integer NOT NULL,
    name character varying(150) NOT NULL
);


ALTER TABLE public.auth_group OWNER TO postgres;

--
-- Name: auth_group_id_seq; Type: SEQUENCE; Schema: public; Owner: postgres
--

ALTER TABLE public.auth_group ALTER COLUMN id ADD GENERATED BY DEFAULT AS IDENTITY (
    SEQUENCE NAME public.auth_group_id_seq
    START WITH 1
    INCREMENT BY 1
    NO MINVALUE
    NO MAXVALUE
    CACHE 1
);


--
-- Name: auth_group_permissions; Type: TABLE; Schema: public; Owner: postgres
--

CREATE TABLE public.auth_group_permissions (
    id integer NOT NULL,
    group_id integer NOT NULL,
    permission_id integer NOT NULL
);


ALTER TABLE public.auth_group_permissions OWNER TO postgres;

--
-- Name: auth_group_permissions_id_seq; Type: SEQUENCE; Schema: public; Owner: postgres
--

ALTER TABLE public.auth_group_permissions ALTER COLUMN id ADD GENERATED BY DEFAULT AS IDENTITY (
    SEQUENCE NAME public.auth_group_permissions_id_seq
    START WITH 1
    INCREMENT BY 1
    NO MINVALUE
    NO MAXVALUE
    CACHE 1
);


--
-- Name: auth_permission; Type: TABLE; Schema: public; Owner: postgres
--

CREATE TABLE public.auth_permission (
    id integer NOT NULL,
    name character varying(255) NOT NULL,
    content_type_id integer NOT NULL,
    codename character varying(100) NOT NULL
);


ALTER TABLE public.auth_permission OWNER TO postgres;

--
-- Name: auth_permission_id_seq; Type: SEQUENCE; Schema: public; Owner: postgres
--

ALTER TABLE public.auth_permission ALTER COLUMN id ADD GENERATED BY DEFAULT AS IDENTITY (
    SEQUENCE NAME public.auth_permission_id_seq
    START WITH 1
    INCREMENT BY 1
    NO MINVALUE
    NO MAXVALUE
    CACHE 1
);


--
-- Name: authtoken_token; Type: TABLE; Schema: public; Owner: postgres
--

CREATE TABLE public.authtoken_token (
    key character varying(40) NOT NULL,
    created timestamp with time zone NOT NULL,
    user_id uuid NOT NULL
);


ALTER TABLE public.authtoken_token OWNER TO postgres;

--
-- Name: bookings_booking; Type: TABLE; Schema: public; Owner: postgres
--

CREATE TABLE public.bookings_booking (
    id uuid NOT NULL,
    booking_status character varying(20) NOT NULL,
    reservation_date timestamp with time zone NOT NULL,
    move_in_date date NOT NULL,
    booking_amount numeric(12,2) NOT NULL,
    payment_status character varying(20) NOT NULL,
    booking_confirmation_code character varying(10) NOT NULL,
    created_at timestamp with time zone NOT NULL,
    updated_at timestamp with time zone NOT NULL,
    landlord_id uuid NOT NULL,
    tenant_id uuid NOT NULL,
    unit_id uuid NOT NULL,
    lease_agreement_id uuid,
    lease_agreement_acknowledged boolean NOT NULL
);


ALTER TABLE public.bookings_booking OWNER TO postgres;

--
-- Name: django_admin_log; Type: TABLE; Schema: public; Owner: postgres
--

CREATE TABLE public.django_admin_log (
    id integer NOT NULL,
    action_time timestamp with time zone NOT NULL,
    object_id text,
    object_repr character varying(200) NOT NULL,
    action_flag smallint NOT NULL,
    change_message text NOT NULL,
    content_type_id integer,
    user_id uuid NOT NULL,
    CONSTRAINT django_admin_log_action_flag_check CHECK ((action_flag >= 0))
);


ALTER TABLE public.django_admin_log OWNER TO postgres;

--
-- Name: django_admin_log_id_seq; Type: SEQUENCE; Schema: public; Owner: postgres
--

ALTER TABLE public.django_admin_log ALTER COLUMN id ADD GENERATED BY DEFAULT AS IDENTITY (
    SEQUENCE NAME public.django_admin_log_id_seq
    START WITH 1
    INCREMENT BY 1
    NO MINVALUE
    NO MAXVALUE
    CACHE 1
);


--
-- Name: django_content_type; Type: TABLE; Schema: public; Owner: postgres
--

CREATE TABLE public.django_content_type (
    id integer NOT NULL,
    app_label character varying(100) NOT NULL,
    model character varying(100) NOT NULL
);


ALTER TABLE public.django_content_type OWNER TO postgres;

--
-- Name: django_content_type_id_seq; Type: SEQUENCE; Schema: public; Owner: postgres
--

ALTER TABLE public.django_content_type ALTER COLUMN id ADD GENERATED BY DEFAULT AS IDENTITY (
    SEQUENCE NAME public.django_content_type_id_seq
    START WITH 1
    INCREMENT BY 1
    NO MINVALUE
    NO MAXVALUE
    CACHE 1
);


--
-- Name: django_migrations; Type: TABLE; Schema: public; Owner: postgres
--

CREATE TABLE public.django_migrations (
    id integer NOT NULL,
    app character varying(255) NOT NULL,
    name character varying(255) NOT NULL,
    applied timestamp with time zone NOT NULL
);


ALTER TABLE public.django_migrations OWNER TO postgres;

--
-- Name: django_migrations_id_seq; Type: SEQUENCE; Schema: public; Owner: postgres
--

ALTER TABLE public.django_migrations ALTER COLUMN id ADD GENERATED BY DEFAULT AS IDENTITY (
    SEQUENCE NAME public.django_migrations_id_seq
    START WITH 1
    INCREMENT BY 1
    NO MINVALUE
    NO MAXVALUE
    CACHE 1
);


--
-- Name: django_session; Type: TABLE; Schema: public; Owner: postgres
--

CREATE TABLE public.django_session (
    session_key character varying(40) NOT NULL,
    session_data text NOT NULL,
    expire_date timestamp with time zone NOT NULL
);


ALTER TABLE public.django_session OWNER TO postgres;

--
-- Name: notifications_notification; Type: TABLE; Schema: public; Owner: postgres
--

CREATE TABLE public.notifications_notification (
    id uuid NOT NULL,
    type character varying(50) NOT NULL,
    title character varying(255) NOT NULL,
    message text NOT NULL,
    related_object_type character varying(50),
    related_object_id uuid,
    is_read boolean NOT NULL,
    read_at timestamp with time zone,
    created_at timestamp with time zone NOT NULL,
    recipient_id uuid NOT NULL
);


ALTER TABLE public.notifications_notification OWNER TO postgres;

--
-- Name: notifications_notificationsetting; Type: TABLE; Schema: public; Owner: postgres
--

CREATE TABLE public.notifications_notificationsetting (
    id uuid NOT NULL,
    email_enabled boolean NOT NULL,
    push_enabled boolean NOT NULL,
    notify_booking_requests boolean CONSTRAINT notifications_notificationsett_notify_booking_requests_not_null NOT NULL,
    notify_booking_confirmations boolean CONSTRAINT notifications_notifications_notify_booking_confirmatio_not_null NOT NULL,
    notify_user_registrations boolean CONSTRAINT notifications_notificationse_notify_user_registrations_not_null NOT NULL,
    notify_property_verifications boolean CONSTRAINT notifications_notifications_notify_property_verificati_not_null NOT NULL,
    notify_tour_requests boolean NOT NULL,
    created_at timestamp with time zone NOT NULL,
    updated_at timestamp with time zone NOT NULL,
    user_id uuid NOT NULL
);


ALTER TABLE public.notifications_notificationsetting OWNER TO postgres;

--
-- Name: properties_amenity; Type: TABLE; Schema: public; Owner: postgres
--

CREATE TABLE public.properties_amenity (
    id uuid NOT NULL,
    name character varying(100) NOT NULL,
    icon_url character varying(200)
);


ALTER TABLE public.properties_amenity OWNER TO postgres;

--
-- Name: properties_apartment; Type: TABLE; Schema: public; Owner: postgres
--

CREATE TABLE public.properties_apartment (
    id uuid NOT NULL,
    name character varying(255) NOT NULL,
    address character varying(512) NOT NULL,
    latitude numeric(9,6),
    longitude numeric(9,6),
    overview_description text NOT NULL,
    exterior_image_url character varying(200) NOT NULL,
    rules_and_policies text NOT NULL,
    verification_status character varying(20) NOT NULL,
    total_units integer NOT NULL,
    occupied_units integer NOT NULL,
    created_at timestamp with time zone NOT NULL,
    updated_at timestamp with time zone NOT NULL,
    landlord_id uuid NOT NULL,
    is_approved boolean NOT NULL,
    lease_agreement_id uuid,
    exterior_image character varying(100),
    virtual_tour_url character varying(200) NOT NULL,
    CONSTRAINT properties_apartment_occupied_units_check CHECK ((occupied_units >= 0)),
    CONSTRAINT properties_apartment_total_units_check CHECK ((total_units >= 0))
);


ALTER TABLE public.properties_apartment OWNER TO postgres;

--
-- Name: properties_apartment_amenities; Type: TABLE; Schema: public; Owner: postgres
--

CREATE TABLE public.properties_apartment_amenities (
    id integer NOT NULL,
    apartment_id uuid NOT NULL,
    amenity_id uuid NOT NULL
);


ALTER TABLE public.properties_apartment_amenities OWNER TO postgres;

--
-- Name: properties_apartment_amenities_id_seq; Type: SEQUENCE; Schema: public; Owner: postgres
--

ALTER TABLE public.properties_apartment_amenities ALTER COLUMN id ADD GENERATED BY DEFAULT AS IDENTITY (
    SEQUENCE NAME public.properties_apartment_amenities_id_seq
    START WITH 1
    INCREMENT BY 1
    NO MINVALUE
    NO MAXVALUE
    CACHE 1
);


--
-- Name: properties_apartmentamenitydistance; Type: TABLE; Schema: public; Owner: postgres
--

CREATE TABLE public.properties_apartmentamenitydistance (
    id uuid NOT NULL,
    amenity_type character varying(20) NOT NULL,
    distance_km numeric(5,2) NOT NULL,
    nearest_name character varying(255) NOT NULL,
    apartment_id uuid NOT NULL
);


ALTER TABLE public.properties_apartmentamenitydistance OWNER TO postgres;

--
-- Name: properties_keyamenity; Type: TABLE; Schema: public; Owner: postgres
--

CREATE TABLE public.properties_keyamenity (
    id uuid NOT NULL,
    amenity_type character varying(20) NOT NULL,
    name character varying(255) NOT NULL,
    latitude numeric(9,6) NOT NULL,
    longitude numeric(9,6) NOT NULL
);


ALTER TABLE public.properties_keyamenity OWNER TO postgres;

--
-- Name: properties_leaseagreement; Type: TABLE; Schema: public; Owner: postgres
--

CREATE TABLE public.properties_leaseagreement (
    id uuid NOT NULL,
    document character varying(100) NOT NULL,
    file_hash character varying(64) NOT NULL,
    version integer NOT NULL,
    created_at timestamp with time zone NOT NULL,
    updated_at timestamp with time zone NOT NULL,
    apartment_id uuid NOT NULL,
    CONSTRAINT properties_leaseagreement_version_check CHECK ((version >= 0))
);


ALTER TABLE public.properties_leaseagreement OWNER TO postgres;

--
-- Name: properties_reservation; Type: TABLE; Schema: public; Owner: postgres
--

CREATE TABLE public.properties_reservation (
    id uuid NOT NULL,
    reserved_on timestamp with time zone NOT NULL,
    move_in_date date,
    active boolean NOT NULL,
    tenant_id uuid,
    unit_id uuid NOT NULL
);


ALTER TABLE public.properties_reservation OWNER TO postgres;

--
-- Name: properties_review; Type: TABLE; Schema: public; Owner: postgres
--

CREATE TABLE public.properties_review (
    id uuid NOT NULL,
    rating integer NOT NULL,
    comment text NOT NULL,
    is_verified_tenant boolean NOT NULL,
    created_at timestamp with time zone NOT NULL,
    updated_at timestamp with time zone NOT NULL,
    apartment_id uuid NOT NULL,
    user_id uuid NOT NULL,
    CONSTRAINT properties_review_rating_check CHECK ((rating >= 0))
);


ALTER TABLE public.properties_review OWNER TO postgres;

--
-- Name: properties_tour; Type: TABLE; Schema: public; Owner: postgres
--

CREATE TABLE public.properties_tour (
    id uuid NOT NULL,
    tour_type character varying(20) NOT NULL,
    scheduled_date date NOT NULL,
    scheduled_time time without time zone NOT NULL,
    status character varying(20) NOT NULL,
    notes text NOT NULL,
    contact_phone character varying(15) NOT NULL,
    created_at timestamp with time zone NOT NULL,
    updated_at timestamp with time zone NOT NULL,
    apartment_id uuid NOT NULL,
    user_id uuid NOT NULL
);


ALTER TABLE public.properties_tour OWNER TO postgres;

--
-- Name: properties_unit; Type: TABLE; Schema: public; Owner: postgres
--

CREATE TABLE public.properties_unit (
    id uuid NOT NULL,
    unit_number_or_id character varying(100) NOT NULL,
    category character varying(50) NOT NULL,
    type character varying(50) NOT NULL,
    size_sqft numeric(10,2),
    price_per_month numeric(12,2) NOT NULL,
    status character varying(20) NOT NULL,
    interior_images jsonb NOT NULL,
    exterior_images jsonb NOT NULL,
    description text NOT NULL,
    last_status_updated timestamp with time zone NOT NULL,
    created_at timestamp with time zone NOT NULL,
    updated_at timestamp with time zone NOT NULL,
    apartment_id uuid NOT NULL,
    video character varying(255),
    deposit_amount numeric(10,2),
    electricity_deposit numeric(10,2),
    electricity_rate character varying(100),
    water_deposit numeric(10,2),
    water_rate character varying(100)
);


ALTER TABLE public.properties_unit OWNER TO postgres;

--
-- Name: users_contactinquiry; Type: TABLE; Schema: public; Owner: postgres
--

CREATE TABLE public.users_contactinquiry (
    id bigint NOT NULL,
    name character varying(100) NOT NULL,
    email character varying(254) NOT NULL,
    phone character varying(15) NOT NULL,
    subject character varying(200) NOT NULL,
    message text NOT NULL,
    is_resolved boolean NOT NULL,
    created_at timestamp with time zone NOT NULL
);


ALTER TABLE public.users_contactinquiry OWNER TO postgres;

--
-- Name: users_contactinquiry_id_seq; Type: SEQUENCE; Schema: public; Owner: postgres
--

ALTER TABLE public.users_contactinquiry ALTER COLUMN id ADD GENERATED BY DEFAULT AS IDENTITY (
    SEQUENCE NAME public.users_contactinquiry_id_seq
    START WITH 1
    INCREMENT BY 1
    NO MINVALUE
    NO MAXVALUE
    CACHE 1
);


--
-- Name: users_newslettersubscription; Type: TABLE; Schema: public; Owner: postgres
--

CREATE TABLE public.users_newslettersubscription (
    id bigint NOT NULL,
    email character varying(254) NOT NULL,
    is_active boolean NOT NULL,
    subscribed_at timestamp with time zone NOT NULL,
    unsubscribed_at timestamp with time zone
);


ALTER TABLE public.users_newslettersubscription OWNER TO postgres;

--
-- Name: users_newslettersubscription_id_seq; Type: SEQUENCE; Schema: public; Owner: postgres
--

ALTER TABLE public.users_newslettersubscription ALTER COLUMN id ADD GENERATED BY DEFAULT AS IDENTITY (
    SEQUENCE NAME public.users_newslettersubscription_id_seq
    START WITH 1
    INCREMENT BY 1
    NO MINVALUE
    NO MAXVALUE
    CACHE 1
);


--
-- Name: users_user; Type: TABLE; Schema: public; Owner: postgres
--

CREATE TABLE public.users_user (
    password character varying(128) NOT NULL,
    last_login timestamp with time zone,
    is_superuser boolean NOT NULL,
    username character varying(150) NOT NULL,
    first_name character varying(150) NOT NULL,
    last_name character varying(150) NOT NULL,
    is_staff boolean NOT NULL,
    is_active boolean NOT NULL,
    date_joined timestamp with time zone NOT NULL,
    id uuid NOT NULL,
    email character varying(254) NOT NULL,
    phone_number character varying(15) NOT NULL,
    role character varying(20) NOT NULL,
    status character varying(20) NOT NULL,
    verification_status character varying(20) NOT NULL,
    bio text,
    created_at timestamp with time zone NOT NULL,
    full_name character varying(100) NOT NULL,
    national_id character varying(20),
    updated_at timestamp with time zone NOT NULL,
    verification_date timestamp with time zone,
    verification_notes text,
    verified_by_admin_id uuid,
    email_otp character varying(6),
    otp_expiry timestamp with time zone,
    national_id_image character varying(100),
    profile_picture character varying(100),
    email_verified boolean NOT NULL,
    email_otp_used boolean NOT NULL,
    otp_request_count integer NOT NULL,
    otp_request_window timestamp with time zone,
    CONSTRAINT users_user_otp_request_count_check CHECK ((otp_request_count >= 0))
);


ALTER TABLE public.users_user OWNER TO postgres;

--
-- Name: users_user_groups; Type: TABLE; Schema: public; Owner: postgres
--

CREATE TABLE public.users_user_groups (
    id integer NOT NULL,
    user_id uuid NOT NULL,
    group_id integer NOT NULL
);


ALTER TABLE public.users_user_groups OWNER TO postgres;

--
-- Name: users_user_groups_id_seq; Type: SEQUENCE; Schema: public; Owner: postgres
--

ALTER TABLE public.users_user_groups ALTER COLUMN id ADD GENERATED BY DEFAULT AS IDENTITY (
    SEQUENCE NAME public.users_user_groups_id_seq
    START WITH 1
    INCREMENT BY 1
    NO MINVALUE
    NO MAXVALUE
    CACHE 1
);


--
-- Name: users_user_user_permissions; Type: TABLE; Schema: public; Owner: postgres
--

CREATE TABLE public.users_user_user_permissions (
    id integer NOT NULL,
    user_id uuid NOT NULL,
    permission_id integer NOT NULL
);


ALTER TABLE public.users_user_user_permissions OWNER TO postgres;

--
-- Name: users_user_user_permissions_id_seq; Type: SEQUENCE; Schema: public; Owner: postgres
--

ALTER TABLE public.users_user_user_permissions ALTER COLUMN id ADD GENERATED BY DEFAULT AS IDENTITY (
    SEQUENCE NAME public.users_user_user_permissions_id_seq
    START WITH 1
    INCREMENT BY 1
    NO MINVALUE
    NO MAXVALUE
    CACHE 1
);


--
-- Name: verification_verification; Type: TABLE; Schema: public; Owner: postgres
--

CREATE TABLE public.verification_verification (
    id bigint NOT NULL,
    status character varying(20) NOT NULL,
    report text,
    verification_date timestamp with time zone,
    created_at timestamp with time zone NOT NULL,
    updated_at timestamp with time zone NOT NULL,
    apartment_id uuid NOT NULL,
    assigned_agent_id uuid
);


ALTER TABLE public.verification_verification OWNER TO postgres;

--
-- Name: verification_verification_id_seq; Type: SEQUENCE; Schema: public; Owner: postgres
--

ALTER TABLE public.verification_verification ALTER COLUMN id ADD GENERATED BY DEFAULT AS IDENTITY (
    SEQUENCE NAME public.verification_verification_id_seq
    START WITH 1
    INCREMENT BY 1
    NO MINVALUE
    NO MAXVALUE
    CACHE 1
);


--
-- Name: verification_verificationimage; Type: TABLE; Schema: public; Owner: postgres
--

CREATE TABLE public.verification_verificationimage (
    id bigint NOT NULL,
    image character varying(100) NOT NULL,
    uploaded_at timestamp with time zone NOT NULL,
    verification_id bigint NOT NULL
);


ALTER TABLE public.verification_verificationimage OWNER TO postgres;

--
-- Name: verification_verificationimage_id_seq; Type: SEQUENCE; Schema: public; Owner: postgres
--

ALTER TABLE public.verification_verificationimage ALTER COLUMN id ADD GENERATED BY DEFAULT AS IDENTITY (
    SEQUENCE NAME public.verification_verificationimage_id_seq
    START WITH 1
    INCREMENT BY 1
    NO MINVALUE
    NO MAXVALUE
    CACHE 1
);


--
-- Name: wallet_pendingpayment; Type: TABLE; Schema: public; Owner: postgres
--

CREATE TABLE public.wallet_pendingpayment (
    id uuid NOT NULL,
    phone_number character varying(20) NOT NULL,
    amount numeric(12,2) NOT NULL,
    checkout_request_id character varying(100),
    merchant_request_id character varying(100),
    created_at timestamp with time zone NOT NULL,
    unit_id uuid NOT NULL,
    user_id uuid NOT NULL,
    status character varying(20) NOT NULL
);


ALTER TABLE public.wallet_pendingpayment OWNER TO postgres;

--
-- Name: wallet_subscription; Type: TABLE; Schema: public; Owner: postgres
--

CREATE TABLE public.wallet_subscription (
    id uuid NOT NULL,
    status character varying(20) NOT NULL,
    expires_at timestamp with time zone,
    created_at timestamp with time zone NOT NULL,
    updated_at timestamp with time zone NOT NULL,
    apartment_id uuid,
    landlord_id uuid NOT NULL,
    transaction_id uuid
);


ALTER TABLE public.wallet_subscription OWNER TO postgres;

--
-- Name: wallet_wallet; Type: TABLE; Schema: public; Owner: postgres
--

CREATE TABLE public.wallet_wallet (
    id uuid NOT NULL,
    wallet_type character varying(20) NOT NULL,
    balance numeric(12,2) NOT NULL,
    currency character varying(5) NOT NULL,
    bank_account_name character varying(255),
    bank_account_number character varying(50),
    bank_name character varying(100),
    swift_code character varying(50),
    created_at timestamp with time zone NOT NULL,
    updated_at timestamp with time zone NOT NULL,
    user_id uuid NOT NULL
);


ALTER TABLE public.wallet_wallet OWNER TO postgres;

--
-- Name: wallet_wallettransaction; Type: TABLE; Schema: public; Owner: postgres
--

CREATE TABLE public.wallet_wallettransaction (
    id uuid NOT NULL,
    transaction_type character varying(30) NOT NULL,
    amount numeric(12,2) NOT NULL,
    reference_id uuid,
    status character varying(20) NOT NULL,
    created_at timestamp with time zone NOT NULL,
    wallet_id uuid NOT NULL,
    booking_id uuid,
    description text NOT NULL,
    mpesa_receipt_number character varying(50),
    checkout_request_id character varying(100),
    merchant_request_id character varying(100),
    phone_number character varying(20)
);


ALTER TABLE public.wallet_wallettransaction OWNER TO postgres;

--
-- Data for Name: auth_group; Type: TABLE DATA; Schema: public; Owner: postgres
--

COPY public.auth_group (id, name) FROM stdin;
\.


--
-- Data for Name: auth_group_permissions; Type: TABLE DATA; Schema: public; Owner: postgres
--

COPY public.auth_group_permissions (id, group_id, permission_id) FROM stdin;
\.


--
-- Data for Name: auth_permission; Type: TABLE DATA; Schema: public; Owner: postgres
--

COPY public.auth_permission (id, name, content_type_id, codename) FROM stdin;
1	Can add log entry	1	add_logentry
2	Can change log entry	1	change_logentry
3	Can delete log entry	1	delete_logentry
4	Can view log entry	1	view_logentry
5	Can add permission	2	add_permission
6	Can change permission	2	change_permission
7	Can delete permission	2	delete_permission
8	Can view permission	2	view_permission
9	Can add group	3	add_group
10	Can change group	3	change_group
11	Can delete group	3	delete_group
12	Can view group	3	view_group
13	Can add content type	4	add_contenttype
14	Can change content type	4	change_contenttype
15	Can delete content type	4	delete_contenttype
16	Can view content type	4	view_contenttype
17	Can add session	5	add_session
18	Can change session	5	change_session
19	Can delete session	5	delete_session
20	Can view session	5	view_session
21	Can add Token	6	add_token
22	Can change Token	6	change_token
23	Can delete Token	6	delete_token
24	Can view Token	6	view_token
25	Can add Token	7	add_tokenproxy
26	Can change Token	7	change_tokenproxy
27	Can delete Token	7	delete_tokenproxy
28	Can view Token	7	view_tokenproxy
29	Can add user	8	add_user
30	Can change user	8	change_user
31	Can delete user	8	delete_user
32	Can view user	8	view_user
33	Can add contact inquiry	9	add_contactinquiry
34	Can change contact inquiry	9	change_contactinquiry
35	Can delete contact inquiry	9	delete_contactinquiry
36	Can view contact inquiry	9	view_contactinquiry
37	Can add newsletter subscription	10	add_newslettersubscription
38	Can change newsletter subscription	10	change_newslettersubscription
39	Can delete newsletter subscription	10	delete_newslettersubscription
40	Can view newsletter subscription	10	view_newslettersubscription
41	Can add amenity	11	add_amenity
42	Can change amenity	11	change_amenity
43	Can delete amenity	11	delete_amenity
44	Can view amenity	11	view_amenity
45	Can add apartment	12	add_apartment
46	Can change apartment	12	change_apartment
47	Can delete apartment	12	delete_apartment
48	Can view apartment	12	view_apartment
49	Can add unit	13	add_unit
50	Can change unit	13	change_unit
51	Can delete unit	13	delete_unit
52	Can view unit	13	view_unit
53	Can add reservation	14	add_reservation
54	Can change reservation	14	change_reservation
55	Can delete reservation	14	delete_reservation
56	Can view reservation	14	view_reservation
57	Can add lease agreement	15	add_leaseagreement
58	Can change lease agreement	15	change_leaseagreement
59	Can delete lease agreement	15	delete_leaseagreement
60	Can view lease agreement	15	view_leaseagreement
61	Can add key amenity	16	add_keyamenity
62	Can change key amenity	16	change_keyamenity
63	Can delete key amenity	16	delete_keyamenity
64	Can view key amenity	16	view_keyamenity
65	Can add apartment amenity distance	17	add_apartmentamenitydistance
66	Can change apartment amenity distance	17	change_apartmentamenitydistance
67	Can delete apartment amenity distance	17	delete_apartmentamenitydistance
68	Can view apartment amenity distance	17	view_apartmentamenitydistance
69	Can add tour	18	add_tour
70	Can change tour	18	change_tour
71	Can delete tour	18	delete_tour
72	Can view tour	18	view_tour
73	Can add review	19	add_review
74	Can change review	19	change_review
75	Can delete review	19	delete_review
76	Can view review	19	view_review
77	Can add booking	20	add_booking
78	Can change booking	20	change_booking
79	Can delete booking	20	delete_booking
80	Can view booking	20	view_booking
81	Can add wallet	21	add_wallet
82	Can change wallet	21	change_wallet
83	Can delete wallet	21	delete_wallet
84	Can view wallet	21	view_wallet
85	Can add wallet transaction	22	add_wallettransaction
86	Can change wallet transaction	22	change_wallettransaction
87	Can delete wallet transaction	22	delete_wallettransaction
88	Can view wallet transaction	22	view_wallettransaction
89	Can add pending payment	23	add_pendingpayment
90	Can change pending payment	23	change_pendingpayment
91	Can delete pending payment	23	delete_pendingpayment
92	Can view pending payment	23	view_pendingpayment
93	Can add subscription	24	add_subscription
94	Can change subscription	24	change_subscription
95	Can delete subscription	24	delete_subscription
96	Can view subscription	24	view_subscription
97	Can add verification	25	add_verification
98	Can change verification	25	change_verification
99	Can delete verification	25	delete_verification
100	Can view verification	25	view_verification
101	Can add verification image	26	add_verificationimage
102	Can change verification image	26	change_verificationimage
103	Can delete verification image	26	delete_verificationimage
104	Can view verification image	26	view_verificationimage
105	Can add notification	27	add_notification
106	Can change notification	27	change_notification
107	Can delete notification	27	delete_notification
108	Can view notification	27	view_notification
109	Can add notification setting	28	add_notificationsetting
110	Can change notification setting	28	change_notificationsetting
111	Can delete notification setting	28	delete_notificationsetting
112	Can view notification setting	28	view_notificationsetting
\.


--
-- Data for Name: authtoken_token; Type: TABLE DATA; Schema: public; Owner: postgres
--

COPY public.authtoken_token (key, created, user_id) FROM stdin;
3372ddc8e2bf3e71d591b991545daaf9b4baaf2e	2026-05-12 12:21:13.582567+00	343e66f1-04cb-48bd-8f5a-850c585fbcb7
dd8b700b4caf8a631a32ba23d51506b40ee89938	2026-05-12 13:18:58.196852+00	b810b11a-f6d7-47a5-a29f-e4c76eb0ba0f
116e0a908fb6188b87b7065277c89ffc193163b5	2026-05-12 14:14:50.004712+00	d9b4e812-a381-4c43-8bb7-9abdbd64bec6
ab3cb25991d4a4bbe3e6b7c7bfad7875299ed040	2026-05-12 18:08:38.648744+00	2a13bf60-e8bb-42a7-b921-af0b4bcc9933
662579fac77db3773a12c947521c7c0ccda31d14	2026-05-18 07:08:43.416029+00	7e5f2eaa-fe9b-44b6-b403-93bd5338ba32
39ff942a1b6a28430c96340b3c9cf95fe3055335	2026-05-18 09:14:00.910837+00	bf116b8e-f44d-42b0-8b51-9f288d376e21
9a22ddf221325b15cbb8b4eb1329a79ec26688d4	2026-05-19 21:16:57.827761+00	6304a4f8-9718-4b89-838a-67a2506e95b2
09339c513b2b578102502ec56de1677b6a56cb3d	2026-05-20 06:29:05.483951+00	48f8c712-ded1-483e-bb40-7fd26f06a4a8
d1a06af9d64ffac883a0677ab2f2396661d7e69d	2026-05-20 06:45:05.067509+00	96f8be31-adf6-4714-bcbd-fdb682413aa3
6f5f6dcc6e7916c72e9cb5d9324d9da1417dd8ab	2026-05-21 11:13:41.489453+00	a8d926db-8f17-4ec3-8fa5-5d2a53e24db6
e656e5b9c14cc568172da75131f367096764c618	2026-05-25 13:59:52.258593+00	a8e6cbf7-c119-4a27-a624-89eca7ab5346
ec5f7ba4ff307b4023593f68687ca111b283cecf	2026-06-03 16:03:55.179665+00	9cb31965-7624-44d3-92ed-7b0782373773
c51583b8a769eed51132f46907a9a8992a5d6f23	2026-06-05 06:35:56.292313+00	34aeffe2-3fab-4a0a-bb8f-fd19a4b90e46
fc681190a1ff3213bac896127c5d9fda4dee94ac	2026-06-20 04:30:06.577572+00	d5e7b147-7362-4b15-8443-e2d217a9bcd5
3727a14910a8c6cd77e51430e70331c0208f7160	2026-06-22 08:42:25.940939+00	d7a441f6-73dd-42f5-a6c2-6cba6a041b6f
9ce83fb6296cdf0b4fba05328adb4ce094f4f880	2026-07-04 21:34:50.724199+00	23804ce7-6b48-42f6-abbc-4c7422a0f86e
d7c7995fbba022bc316a497d8b9e1734df3b8272	2026-07-04 21:56:52.972934+00	ce8f014c-1c42-4e21-ba5b-b039d66d62be
6c9ad08bbc2af3ba09801053c0c90777858232d3	2026-07-05 20:57:36.321508+00	d057fa29-b1f0-48c1-b035-adbca37b28b4
9792ba2dd7ac647e38f01b6fde624f29cf40cb82	2026-07-06 13:29:28.108965+00	17cc8509-13df-4d2c-97c1-28f3cce1e013
\.


--
-- Data for Name: bookings_booking; Type: TABLE DATA; Schema: public; Owner: postgres
--

COPY public.bookings_booking (id, booking_status, reservation_date, move_in_date, booking_amount, payment_status, booking_confirmation_code, created_at, updated_at, landlord_id, tenant_id, unit_id, lease_agreement_id, lease_agreement_acknowledged) FROM stdin;
b123fbd2-24ca-4258-8d81-2352b3967b2b	CONFIRMED	2026-06-20 04:31:01.944574+00	2026-06-30	350.00	COMPLETED	6AC8E1CA	2026-06-20 04:31:01.94462+00	2026-06-20 04:31:01.944623+00	a8e6cbf7-c119-4a27-a624-89eca7ab5346	d5e7b147-7362-4b15-8443-e2d217a9bcd5	69ed7e8a-9a11-4afd-ac28-be802995c8b4	\N	t
a0c2a0e6-d7c3-42d3-b74e-83a45d8622f0	CONFIRMED	2026-06-23 21:22:26.439161+00	2026-06-25	350.00	COMPLETED	23817F72	2026-06-23 21:22:26.43923+00	2026-06-23 21:22:26.439235+00	2a13bf60-e8bb-42a7-b921-af0b4bcc9933	7e5f2eaa-fe9b-44b6-b403-93bd5338ba32	cda4de01-6e17-4601-9d01-1d3036e85fa7	\N	t
9e18c352-9a1e-441d-b034-6c4133cbcec7	CONFIRMED	2026-06-26 17:19:31.027686+00	2026-06-28	350.00	COMPLETED	D96A5F14	2026-06-26 17:19:31.027736+00	2026-06-26 17:19:31.027739+00	a8e6cbf7-c119-4a27-a624-89eca7ab5346	7e5f2eaa-fe9b-44b6-b403-93bd5338ba32	0941b68d-968f-4057-9112-7edfa0a04f35	\N	t
60175d0a-5aaa-4d07-8529-6c8bd65aa55d	CANCELLED	2026-07-03 09:08:18.204662+00	2026-07-03	10.00	REFUNDED	E87DA4C4	2026-07-03 09:08:18.204714+00	2026-07-03 19:08:59.889368+00	a8e6cbf7-c119-4a27-a624-89eca7ab5346	d9b4e812-a381-4c43-8bb7-9abdbd64bec6	ad5a9f40-15a1-47f5-9b28-4b8906af1f5f	\N	f
651a73ac-5abb-441c-b245-09a6ea94a4e1	CONFIRMED	2026-07-03 22:06:16.971357+00	2026-07-03	10.00	COMPLETED	55089CA2	2026-07-03 22:06:16.971431+00	2026-07-04 19:59:21.338426+00	2a13bf60-e8bb-42a7-b921-af0b4bcc9933	bf116b8e-f44d-42b0-8b51-9f288d376e21	0a18aab1-31c3-4cf7-8ef1-da5322974a2a	\N	f
5e768fd3-507c-4217-ad6a-d06374d1f50f	CONFIRMED	2026-07-03 19:10:52.903366+00	2026-07-03	10.00	COMPLETED	5AD0406B	2026-07-03 19:10:52.903429+00	2026-07-05 15:12:58.569558+00	a8e6cbf7-c119-4a27-a624-89eca7ab5346	d9b4e812-a381-4c43-8bb7-9abdbd64bec6	ad5a9f40-15a1-47f5-9b28-4b8906af1f5f	\N	f
2b6ea8a1-efe3-496e-b57a-0d4343323500	CONFIRMED	2026-07-05 14:51:56.426504+00	2026-07-05	10.00	COMPLETED	BAC331C6	2026-07-05 14:51:56.426557+00	2026-07-06 11:18:00.965312+00	23804ce7-6b48-42f6-abbc-4c7422a0f86e	ce8f014c-1c42-4e21-ba5b-b039d66d62be	e017db0b-c0cb-41a1-9812-ceb568621ddb	\N	f
\.


--
-- Data for Name: django_admin_log; Type: TABLE DATA; Schema: public; Owner: postgres
--

COPY public.django_admin_log (id, action_time, object_id, object_repr, action_flag, change_message, content_type_id, user_id) FROM stdin;
\.


--
-- Data for Name: django_content_type; Type: TABLE DATA; Schema: public; Owner: postgres
--

COPY public.django_content_type (id, app_label, model) FROM stdin;
1	admin	logentry
2	auth	permission
3	auth	group
4	contenttypes	contenttype
5	sessions	session
6	authtoken	token
7	authtoken	tokenproxy
8	users	user
9	users	contactinquiry
10	users	newslettersubscription
11	properties	amenity
12	properties	apartment
13	properties	unit
14	properties	reservation
15	properties	leaseagreement
16	properties	keyamenity
17	properties	apartmentamenitydistance
18	properties	tour
19	properties	review
20	bookings	booking
21	wallet	wallet
22	wallet	wallettransaction
23	wallet	pendingpayment
24	wallet	subscription
25	verification	verification
26	verification	verificationimage
27	notifications	notification
28	notifications	notificationsetting
\.


--
-- Data for Name: django_migrations; Type: TABLE DATA; Schema: public; Owner: postgres
--

COPY public.django_migrations (id, app, name, applied) FROM stdin;
1	contenttypes	0001_initial	2026-05-11 20:43:19.793665+00
2	contenttypes	0002_remove_content_type_name	2026-05-11 20:43:21.603548+00
3	auth	0001_initial	2026-05-11 20:43:27.948111+00
4	auth	0002_alter_permission_name_max_length	2026-05-11 20:43:29.398725+00
5	auth	0003_alter_user_email_max_length	2026-05-11 20:43:30.228306+00
6	auth	0004_alter_user_username_opts	2026-05-11 20:43:31.450418+00
7	auth	0005_alter_user_last_login_null	2026-05-11 20:43:32.535384+00
8	auth	0006_require_contenttypes_0002	2026-05-11 20:43:33.635171+00
9	auth	0007_alter_validators_add_error_messages	2026-05-11 20:43:34.92328+00
10	auth	0008_alter_user_username_max_length	2026-05-11 20:43:36.016595+00
11	auth	0009_alter_user_last_name_max_length	2026-05-11 20:43:37.302915+00
12	auth	0010_alter_group_name_max_length	2026-05-11 20:43:39.145579+00
13	auth	0011_update_proxy_permissions	2026-05-11 20:43:40.166683+00
14	auth	0012_alter_user_first_name_max_length	2026-05-11 20:43:41.496048+00
15	users	0001_initial	2026-05-11 20:43:49.571309+00
16	admin	0001_initial	2026-05-11 20:43:53.295656+00
17	admin	0002_logentry_remove_auto_add	2026-05-11 20:43:54.309546+00
18	admin	0003_logentry_add_action_flag_choices	2026-05-11 20:43:57.061279+00
19	authtoken	0001_initial	2026-05-11 20:45:10.485303+00
20	authtoken	0002_auto_20160226_1747	2026-05-11 20:45:10.92871+00
21	authtoken	0003_tokenproxy	2026-05-11 20:45:12.785571+00
22	authtoken	0004_alter_tokenproxy_options	2026-05-11 20:45:15.271824+00
23	properties	0001_initial	2026-05-11 20:45:32.818065+00
24	properties	0002_remove_apartment_verification_notes_and_more	2026-05-11 20:45:40.582216+00
25	properties	0003_apartment_is_approved	2026-05-11 20:45:48.244472+00
26	properties	0004_remove_apartment_lease_agreement_document_url_and_more	2026-05-11 20:46:10.833184+00
27	bookings	0001_initial	2026-05-11 20:46:19.291091+00
28	bookings	0002_booking_lease_agreement_and_more	2026-05-11 20:46:22.41812+00
29	properties	0005_keyamenity_apartmentamenitydistance	2026-05-11 20:46:26.033475+00
30	properties	0006_apartment_exterior_image_apartment_virtual_tour_url_and_more	2026-05-11 20:46:33.515176+00
31	sessions	0001_initial	2026-05-11 20:46:36.016234+00
32	users	0002_user_bio_user_created_at_user_full_name_and_more	2026-05-11 20:46:58.44132+00
33	users	0003_alter_user_national_id	2026-05-11 20:47:03.592296+00
34	users	0004_alter_user_full_name_alter_user_phone_number_and_more	2026-05-11 20:47:04.445511+00
35	users	0005_user_bank_account_name_user_bank_account_number_and_more	2026-05-11 20:47:20.976872+00
36	users	0006_remove_user_kra_pin_url_and_more	2026-05-11 20:47:26.50565+00
37	users	0007_user_email_verified	2026-05-11 20:47:28.596144+00
38	users	0008_remove_user_bank_account_name_and_more	2026-05-11 20:47:34.4289+00
39	users	0007_alter_user_role	2026-05-11 20:47:35.311502+00
40	users	0009_merge_20260223_1553	2026-05-11 20:47:36.761829+00
41	users	0010_user_email_otp_used_user_otp_request_count_and_more	2026-05-11 20:47:40.836019+00
42	users	0011_contactinquiry_newslettersubscription	2026-05-11 20:47:44.114888+00
43	verification	0001_initial	2026-05-11 20:47:50.888273+00
44	verification	0002_verification_unique_active_verification_per_apartment	2026-05-11 20:47:52.057039+00
45	wallet	0001_initial	2026-05-11 20:47:58.118824+00
46	wallet	0002_wallettransaction_booking_and_more	2026-05-11 20:48:10.17614+00
47	wallet	0003_wallettransaction_checkout_request_id_and_more	2026-05-11 20:48:13.256707+00
48	wallet	0004_alter_wallettransaction_transaction_type	2026-05-11 20:48:15.543787+00
49	wallet	0005_alter_wallet_wallet_type	2026-05-11 20:48:17.329269+00
50	wallet	0006_pendingpayment	2026-05-11 20:48:22.880581+00
51	wallet	0007_subscription	2026-05-11 20:48:26.926343+00
52	wallet	0008_alter_subscription_apartment	2026-05-11 20:48:29.912723+00
53	properties	0007_add_unit_video	2026-06-09 15:38:19.875427+00
54	properties	0008_alter_unit_video	2026-06-13 05:26:42.999344+00
55	notifications	0001_initial	2026-06-16 16:43:26.932747+00
56	wallet	0009_pendingpayment_status	2026-07-02 22:36:39.831384+00
57	properties	0009_unit_deposit_amount_unit_electricity_deposit_and_more	2026-07-07 20:31:42.113108+00
\.


--
-- Data for Name: django_session; Type: TABLE DATA; Schema: public; Owner: postgres
--

COPY public.django_session (session_key, session_data, expire_date) FROM stdin;
\.


--
-- Data for Name: notifications_notification; Type: TABLE DATA; Schema: public; Owner: postgres
--

COPY public.notifications_notification (id, type, title, message, related_object_type, related_object_id, is_read, read_at, created_at, recipient_id) FROM stdin;
\.


--
-- Data for Name: notifications_notificationsetting; Type: TABLE DATA; Schema: public; Owner: postgres
--

COPY public.notifications_notificationsetting (id, email_enabled, push_enabled, notify_booking_requests, notify_booking_confirmations, notify_user_registrations, notify_property_verifications, notify_tour_requests, created_at, updated_at, user_id) FROM stdin;
\.


--
-- Data for Name: properties_amenity; Type: TABLE DATA; Schema: public; Owner: postgres
--

COPY public.properties_amenity (id, name, icon_url) FROM stdin;
39c5f283-1313-485e-bebb-90cb51efd8fc	WiFi	\N
09b05e63-248b-47de-8a91-b28b6a716d57	Parking	\N
6bdff787-6b18-4fa3-a6f5-8c310cfc40f0	24/7 Security	\N
71e3a433-9dbe-40b2-9e11-673878106f5a	Water Supply	\N
832adc8b-aafe-44be-a171-8deff903f171	Gym	\N
\.


--
-- Data for Name: properties_apartment; Type: TABLE DATA; Schema: public; Owner: postgres
--

COPY public.properties_apartment (id, name, address, latitude, longitude, overview_description, exterior_image_url, rules_and_policies, verification_status, total_units, occupied_units, created_at, updated_at, landlord_id, is_approved, lease_agreement_id, exterior_image, virtual_tour_url) FROM stdin;
359e0bb2-54f9-4388-86c0-73046a263091	Numbers	Zimmerman, Carwash, Nairobi	\N	\N	Peacefull enviroment to stay with your family		No pets allowed\r\n\r\nAmenities: Playground, Roof terrace	NOT_REQUESTED	1	1	2026-07-04 21:50:56.171504+00	2026-07-06 11:18:01.009744+00	23804ce7-6b48-42f6-abbc-4c7422a0f86e	f	\N	media/apartments/exterior/pexels-mahmoud-zakariya-2154822140-34365480_pqqka6	
9558aa7b-df86-4262-973e-70b9adb8b1ab	KAHAWA EXERCUTIVE SUITES	kahawa-Gwakairu Area, Gwakairo, Behind Kenyatta University Campus, Kiambu	-1.147274	36.973036	Spacious, modern one-bedroom apartment\r\nNewly built apartment \r\nVery Elegant\r\nClean and Quiet Environment\r\nLocated just behind Kenyatta University, Gwakairu Campus\r\n20 minutes' walk to the Thika Highway\r\n\r\nPublic Amenities:\r\nThome Public Primary School\r\nNairobi West Hospital, along the highway\r\n\r\nAmenities:\r\n24/7 Clean Water supply\r\nReliable Electricity\r\nStable Internet (Safaricom $ Super light)\r\nGarbage collection\r\nAmple Parking Space\r\nConstant CCTV Surveillance\r\nGated & Watchman\r\nWell Secured Area\r\nNo Theft		•\tYou can get in and get out any time\r\n.   Biometric gate control\r\n•\tRespectful community living \r\n•\tNo excessive noise, e.g., Loud Music\r\n•\tFamily-friendly environment \r\n.   1,000 Water Deposit\r\n.   1,500 Electricity Deposit\r\n.   17,500 Rent Deposit, Refundable\r\n\r\nAmenities: Garbage collection	NOT_REQUESTED	3	0	2026-07-06 14:52:23.700881+00	2026-07-07 15:34:02.501735+00	17cc8509-13df-4d2c-97c1-28f3cce1e013	f	\N	media/apartments/exterior/33_zyzejz	https://drive.google.com/file/d/1Ilewny-34bq8TEcQKNj6dAvZM8IezMm_/view?usp=drivesdk
\.


--
-- Data for Name: properties_apartment_amenities; Type: TABLE DATA; Schema: public; Owner: postgres
--

COPY public.properties_apartment_amenities (id, apartment_id, amenity_id) FROM stdin;
1	f33f4b29-7c7f-411a-aeb9-cc68bad118ae	39c5f283-1313-485e-bebb-90cb51efd8fc
2	f33f4b29-7c7f-411a-aeb9-cc68bad118ae	6bdff787-6b18-4fa3-a6f5-8c310cfc40f0
3	f33f4b29-7c7f-411a-aeb9-cc68bad118ae	71e3a433-9dbe-40b2-9e11-673878106f5a
4	f33f4b29-7c7f-411a-aeb9-cc68bad118ae	09b05e63-248b-47de-8a91-b28b6a716d57
5	77b2e7cd-2ebf-4506-b176-abf4f11f3a3c	39c5f283-1313-485e-bebb-90cb51efd8fc
6	77b2e7cd-2ebf-4506-b176-abf4f11f3a3c	6bdff787-6b18-4fa3-a6f5-8c310cfc40f0
7	77b2e7cd-2ebf-4506-b176-abf4f11f3a3c	71e3a433-9dbe-40b2-9e11-673878106f5a
8	359e0bb2-54f9-4388-86c0-73046a263091	39c5f283-1313-485e-bebb-90cb51efd8fc
9	359e0bb2-54f9-4388-86c0-73046a263091	832adc8b-aafe-44be-a171-8deff903f171
10	359e0bb2-54f9-4388-86c0-73046a263091	6bdff787-6b18-4fa3-a6f5-8c310cfc40f0
11	359e0bb2-54f9-4388-86c0-73046a263091	71e3a433-9dbe-40b2-9e11-673878106f5a
12	359e0bb2-54f9-4388-86c0-73046a263091	09b05e63-248b-47de-8a91-b28b6a716d57
13	9558aa7b-df86-4262-973e-70b9adb8b1ab	39c5f283-1313-485e-bebb-90cb51efd8fc
14	9558aa7b-df86-4262-973e-70b9adb8b1ab	6bdff787-6b18-4fa3-a6f5-8c310cfc40f0
15	9558aa7b-df86-4262-973e-70b9adb8b1ab	71e3a433-9dbe-40b2-9e11-673878106f5a
16	9558aa7b-df86-4262-973e-70b9adb8b1ab	09b05e63-248b-47de-8a91-b28b6a716d57
\.


--
-- Data for Name: properties_apartmentamenitydistance; Type: TABLE DATA; Schema: public; Owner: postgres
--

COPY public.properties_apartmentamenitydistance (id, amenity_type, distance_km, nearest_name, apartment_id) FROM stdin;
23393fef-91db-45d7-84f6-ffc0f405cc70	ROAD	500.00		f33f4b29-7c7f-411a-aeb9-cc68bad118ae
b6b1c5d4-11a7-4d82-89a0-609f0b1a25c3	SCHOOL	1.00		f33f4b29-7c7f-411a-aeb9-cc68bad118ae
79e09199-fed0-4fd9-bd76-1dad84e1a281	MARKET	300.00		f33f4b29-7c7f-411a-aeb9-cc68bad118ae
798216fc-5689-461a-9428-1abf17a33e69	ROAD	2.00		359e0bb2-54f9-4388-86c0-73046a263091
e1abd58e-85c8-4f09-b80b-17b408c0a4c1	SCHOOL	3.00		359e0bb2-54f9-4388-86c0-73046a263091
ebf40b30-e574-4dca-b048-528d5dd2f8d1	MARKET	4.00		359e0bb2-54f9-4388-86c0-73046a263091
f19e2577-5085-44bc-beb1-bf63d4d92a62	ROAD	1.30		9558aa7b-df86-4262-973e-70b9adb8b1ab
a2bf3bc5-0c08-4135-85ca-49ed065f38f6	SCHOOL	0.20		9558aa7b-df86-4262-973e-70b9adb8b1ab
bccb462a-9558-420f-9297-605a781196aa	MARKET	3.20		9558aa7b-df86-4262-973e-70b9adb8b1ab
\.


--
-- Data for Name: properties_keyamenity; Type: TABLE DATA; Schema: public; Owner: postgres
--

COPY public.properties_keyamenity (id, amenity_type, name, latitude, longitude) FROM stdin;
\.


--
-- Data for Name: properties_leaseagreement; Type: TABLE DATA; Schema: public; Owner: postgres
--

COPY public.properties_leaseagreement (id, document, file_hash, version, created_at, updated_at, apartment_id) FROM stdin;
\.


--
-- Data for Name: properties_reservation; Type: TABLE DATA; Schema: public; Owner: postgres
--

COPY public.properties_reservation (id, reserved_on, move_in_date, active, tenant_id, unit_id) FROM stdin;
\.


--
-- Data for Name: properties_review; Type: TABLE DATA; Schema: public; Owner: postgres
--

COPY public.properties_review (id, rating, comment, is_verified_tenant, created_at, updated_at, apartment_id, user_id) FROM stdin;
\.


--
-- Data for Name: properties_tour; Type: TABLE DATA; Schema: public; Owner: postgres
--

COPY public.properties_tour (id, tour_type, scheduled_date, scheduled_time, status, notes, contact_phone, created_at, updated_at, apartment_id, user_id) FROM stdin;
\.


--
-- Data for Name: properties_unit; Type: TABLE DATA; Schema: public; Owner: postgres
--

COPY public.properties_unit (id, unit_number_or_id, category, type, size_sqft, price_per_month, status, interior_images, exterior_images, description, last_status_updated, created_at, updated_at, apartment_id, video, deposit_amount, electricity_deposit, electricity_rate, water_deposit, water_rate) FROM stdin;
d94531d6-aa15-41b9-a7b6-1762a6297f61	G02	RESIDENTIAL	1 Bedroom	84.00	16500.00	VACANT	["https://res.cloudinary.com/dvjrv60of/image/upload/v1/media/units/d94531d6-aa15-41b9-a7b6-1762a6297f61/9421549c6885478795510ed49c281bd6_qmgws5", "https://res.cloudinary.com/dvjrv60of/image/upload/v1/media/units/d94531d6-aa15-41b9-a7b6-1762a6297f61/6551169a1d524c0589e0a3f4cdc932cc_ylao9g", "https://res.cloudinary.com/dvjrv60of/image/upload/v1/media/units/d94531d6-aa15-41b9-a7b6-1762a6297f61/ef11a9f0bf094e71910aaf49dc9a6017_en7zdf", "https://res.cloudinary.com/dvjrv60of/image/upload/v1/media/units/d94531d6-aa15-41b9-a7b6-1762a6297f61/8dad343b3f304b42a1b40885788d53f7_v8wvd2", "https://res.cloudinary.com/dvjrv60of/image/upload/v1/media/units/d94531d6-aa15-41b9-a7b6-1762a6297f61/ae2bdf34299b4f3f8913d090a8c743d9_dsil3r", "https://res.cloudinary.com/dvjrv60of/image/upload/v1/media/units/d94531d6-aa15-41b9-a7b6-1762a6297f61/b7477d5991724ddeac7b0c98fe4df72c_gotxnq", "https://res.cloudinary.com/dvjrv60of/image/upload/v1/media/units/d94531d6-aa15-41b9-a7b6-1762a6297f61/d0c43a676c994cd3a9b7d1adf7084d2b_wkrbed"]	[]	Spacious one-bedroom\nWell maintained\nGround floor\n84 sft (sitting room), 60 sft (Bedroom), 30 sft ( well-sized Kitchen)\nCommon bathroom and toilet\nEnough lighting\nBalcony\nMonthly Garbage feeb  Ksh. 200\n(Water & Electricity) Token billed\n\nDeposit before Occupancy:\nRent Deposit Ksh. 16,500\nWater Deposit  Ksh. 1,000\nElectricity Deposit  Ksh. 1,500	2026-07-07 07:49:50.67617+00	2026-07-06 15:20:36.720701+00	2026-07-07 07:49:50.676184+00	9558aa7b-df86-4262-973e-70b9adb8b1ab	video/upload/v1783351253/t1jwibln0tmk7zrlbbqj.mp4	\N	\N	\N	\N	\N
69ed7e8a-9a11-4afd-ac28-be802995c8b4	A002	RESIDENTIAL	Bedsitter	600.00	6000.00	VACANT	["https://res.cloudinary.com/dvjrv60of/image/upload/v1/media/units/69ed7e8a-9a11-4afd-ac28-be802995c8b4/6d158a29b5274f0aa0b4a3d3501e52f8_uidd9g"]	[]	Very Spacious	2026-07-06 12:58:15.850593+00	2026-06-03 13:42:20.634494+00	2026-07-06 12:58:15.850604+00	77b2e7cd-2ebf-4506-b176-abf4f11f3a3c	\N	\N	\N	\N	\N	\N
0941b68d-968f-4057-9112-7edfa0a04f35	A03	RESIDENTIAL	Bedsitter	448.00	6000.00	VACANT	["https://res.cloudinary.com/dvjrv60of/image/upload/v1/media/units/0941b68d-968f-4057-9112-7edfa0a04f35/1acc8ce6f92c4f2a83d6a59b96a20670_gc6kab", "https://res.cloudinary.com/dvjrv60of/image/upload/v1/media/units/0941b68d-968f-4057-9112-7edfa0a04f35/36e643bc42b2428cb834b1a8b8b594a8_dpqekb", "https://res.cloudinary.com/dvjrv60of/image/upload/v1/media/units/0941b68d-968f-4057-9112-7edfa0a04f35/671e183891f54ceb8b69cb6f7399aa5c_btl0jv", "https://res.cloudinary.com/dvjrv60of/image/upload/v1/media/units/0941b68d-968f-4057-9112-7edfa0a04f35/f9a6b2ebd0c6439aa9a0628388adf909_b4ofyr"]	[]	Very Spacious	2026-07-06 12:59:48.314846+00	2026-06-18 18:31:24.01543+00	2026-07-06 12:59:48.314856+00	77b2e7cd-2ebf-4506-b176-abf4f11f3a3c	\N	\N	\N	\N	\N	\N
0a18aab1-31c3-4cf7-8ef1-da5322974a2a	B5	RESIDENTIAL	Bedsitter	1456.00	6500.00	OCCUPIED	[]	[]		2026-07-04 19:59:21.378078+00	2026-07-03 19:14:59.655701+00	2026-07-04 19:59:21.354264+00	f33f4b29-7c7f-411a-aeb9-cc68bad118ae	\N	\N	\N	\N	\N	\N
cda4de01-6e17-4601-9d01-1d3036e85fa7	House 5	living	1bedroom	4440.00	13000.00	OCCUPIED	["https://res.cloudinary.com/dvjrv60of/image/upload/v1/media/units/cda4de01-6e17-4601-9d01-1d3036e85fa7/2824beb826574e7c9b9ec8524e10cf32_acjfzl", "https://res.cloudinary.com/dvjrv60of/image/upload/v1/media/units/cda4de01-6e17-4601-9d01-1d3036e85fa7/86159430b3034dfba24a0ae1da12247f_ramqe2", "https://res.cloudinary.com/dvjrv60of/image/upload/v1/media/units/cda4de01-6e17-4601-9d01-1d3036e85fa7/3dd6df9daac445e787c0bd9ce65fcffc_qecyrq"]	[]		2026-06-23 21:22:26.579721+00	2026-05-12 19:21:38.013617+00	2026-06-23 21:22:26.579734+00	f33f4b29-7c7f-411a-aeb9-cc68bad118ae	video/upload/v1781328840/f6jyrpypsdiomfuyr2jr.mp4	\N	\N	\N	\N	\N
ad5a9f40-15a1-47f5-9b28-4b8906af1f5f	A01	living	bedsitter	400.00	6000.00	OCCUPIED	["https://res.cloudinary.com/dvjrv60of/image/upload/v1/media/units/ad5a9f40-15a1-47f5-9b28-4b8906af1f5f/3936c64c713949c2a83d5ab0238b3a75_mi96ye"]	[]		2026-07-05 15:12:58.605944+00	2026-05-27 23:49:22.139345+00	2026-07-05 15:12:58.582504+00	77b2e7cd-2ebf-4506-b176-abf4f11f3a3c	\N	\N	\N	\N	\N	\N
e017db0b-c0cb-41a1-9812-ceb568621ddb	B2	living	1bedroom	4674.00	7500.00	OCCUPIED	["https://res.cloudinary.com/dvjrv60of/image/upload/v1/media/units/e017db0b-c0cb-41a1-9812-ceb568621ddb/85e8e30f96e94ac29e62f0e17a712b36_jebgei", "https://res.cloudinary.com/dvjrv60of/image/upload/v1/media/units/e017db0b-c0cb-41a1-9812-ceb568621ddb/6cf58ae47d6649baabcbd4d253f2bfdf_idlzdf", "https://res.cloudinary.com/dvjrv60of/image/upload/v1/media/units/e017db0b-c0cb-41a1-9812-ceb568621ddb/5e6492e6835d455287cb829bc86b23f9_tdokq9"]	[]		2026-07-06 11:18:00.997756+00	2026-07-04 21:50:57.305258+00	2026-07-06 11:18:00.976671+00	359e0bb2-54f9-4388-86c0-73046a263091	\N	\N	\N	\N	\N	\N
992b9b71-4ab2-4d49-bb13-081f4cbfa3a7	G-03	RESIDENTIAL	1 Bedroom	84.00	16500.00	VACANT	["https://res.cloudinary.com/dvjrv60of/image/upload/v1/media/units/992b9b71-4ab2-4d49-bb13-081f4cbfa3a7/ab0207e3023f4d208e9d2d6fdca9ac81_venf4x", "https://res.cloudinary.com/dvjrv60of/image/upload/v1/media/units/992b9b71-4ab2-4d49-bb13-081f4cbfa3a7/17423cfeee7544158981aa5d03acd6c0_vtjxmi", "https://res.cloudinary.com/dvjrv60of/image/upload/v1/media/units/992b9b71-4ab2-4d49-bb13-081f4cbfa3a7/29fe65f6547345fdba7e71e3e7dad293_zcv44f", "https://res.cloudinary.com/dvjrv60of/image/upload/v1/media/units/992b9b71-4ab2-4d49-bb13-081f4cbfa3a7/2ede3b179ae14f7d85787e6ec2859e87_hmdsav", "https://res.cloudinary.com/dvjrv60of/image/upload/v1/media/units/992b9b71-4ab2-4d49-bb13-081f4cbfa3a7/5bcf043658a04e4d9b26d01f4f06c9fb_ctfftl", "https://res.cloudinary.com/dvjrv60of/image/upload/v1/media/units/992b9b71-4ab2-4d49-bb13-081f4cbfa3a7/9ad9c8ad959f4bd685971fe29519144d_g7v6y9", "https://res.cloudinary.com/dvjrv60of/image/upload/v1/media/units/992b9b71-4ab2-4d49-bb13-081f4cbfa3a7/8ac15a2d8e59470bbbb3b8dd901888d5_yd9bvs"]	[]	Sapcious one-bedroom\nWell-mentained\nGround Floor\nProper natural lighting\nWith balcony\n84 sft (sitting room), 60 sft (bedroom), 30 sft (kitchen)\nMonthly Garbage feeb  Ksh. 200\n(Water & Electricity) Token billed\n\nDeposit before Occupancy:\nRent Deposit Ksh. 16,500\nWater Deposit  Ksh. 1,000\nElectricity Deposit  Ksh. 1,500	2026-07-07 07:51:15.371724+00	2026-07-06 15:34:15.589631+00	2026-07-07 07:51:15.371734+00	9558aa7b-df86-4262-973e-70b9adb8b1ab	video/upload/v1783352084/cdmfqarquv9j5cevjjbj.mp4	\N	\N	\N	\N	\N
82af5549-e099-40f8-b9d5-51ae29cb9dd0	104	RESIDENTIAL	1 Bedroom	84.00	17500.00	VACANT	["https://res.cloudinary.com/dvjrv60of/image/upload/v1/media/units/82af5549-e099-40f8-b9d5-51ae29cb9dd0/9d8f742341ad4d6ab7b2da035cc18570_bargnb", "https://res.cloudinary.com/dvjrv60of/image/upload/v1/media/units/82af5549-e099-40f8-b9d5-51ae29cb9dd0/12a291a553e5497b9c0056afbf81c713_bx0uvi", "https://res.cloudinary.com/dvjrv60of/image/upload/v1/media/units/82af5549-e099-40f8-b9d5-51ae29cb9dd0/c51dfb80f74a45ca83f6bfd61146ef66_owye6x", "https://res.cloudinary.com/dvjrv60of/image/upload/v1/media/units/82af5549-e099-40f8-b9d5-51ae29cb9dd0/e7b7a919813d45c1b4aa717580403fde_bhl4lz", "https://res.cloudinary.com/dvjrv60of/image/upload/v1/media/units/82af5549-e099-40f8-b9d5-51ae29cb9dd0/5b0aec3da84b47edb0d4e8f73c992293_kqb5dq", "https://res.cloudinary.com/dvjrv60of/image/upload/v1/media/units/82af5549-e099-40f8-b9d5-51ae29cb9dd0/92ba189ba66841c8a150f91a791a99f5_ivcu6y", "https://res.cloudinary.com/dvjrv60of/image/upload/v1/media/units/82af5549-e099-40f8-b9d5-51ae29cb9dd0/a806bbe70637487882910eed99aa2ef6_x8qqwe"]	[]	Spacious one-bedroom\nWell-maintained\nProper Natural lighting\nFirst floor\nWith balcony\nWell-sized sitting room and bedroom\n84 sft (sitting room), 81 sft (Bedroom), 30 sft (Kitchen)\nMonthly Garbage feeb  Ksh. 200\n(Water & Electricity) Token billed\n\nDeposit before Occupancy:\nRent Deposit Ksh. 17,500\nWater Deposit  Ksh. 1,000\nElectricity Deposit  Ksh. 1,500	2026-07-07 15:34:02.484642+00	2026-07-06 14:52:30.051258+00	2026-07-07 15:34:02.484654+00	9558aa7b-df86-4262-973e-70b9adb8b1ab	video/upload/v1783349564/ny6kbgpagpp5kubxeorm.mp4	\N	\N	\N	\N	\N
\.


--
-- Data for Name: users_contactinquiry; Type: TABLE DATA; Schema: public; Owner: postgres
--

COPY public.users_contactinquiry (id, name, email, phone, subject, message, is_resolved, created_at) FROM stdin;
\.


--
-- Data for Name: users_newslettersubscription; Type: TABLE DATA; Schema: public; Owner: postgres
--

COPY public.users_newslettersubscription (id, email, is_active, subscribed_at, unsubscribed_at) FROM stdin;
\.


--
-- Data for Name: users_user; Type: TABLE DATA; Schema: public; Owner: postgres
--

COPY public.users_user (password, last_login, is_superuser, username, first_name, last_name, is_staff, is_active, date_joined, id, email, phone_number, role, status, verification_status, bio, created_at, full_name, national_id, updated_at, verification_date, verification_notes, verified_by_admin_id, email_otp, otp_expiry, national_id_image, profile_picture, email_verified, email_otp_used, otp_request_count, otp_request_window) FROM stdin;
pbkdf2_sha256$720000$Shzn9IrN1ufUaXaEy6rgZi$1wZLQZmqEioxL/lJIEorD4IFVOBWIRPIIuk6ZNmaFSg=	\N	f	Musa@01			f	t	2026-05-12 13:08:05.509321+00	b810b11a-f6d7-47a5-a29f-e4c76eb0ba0f	moseswamboga4@gmail.com	706737539	TENANT	SUSPENDED	VERIFIED	\N	2026-05-12 13:08:05.5112+00	Moses Omondi	\N	2026-06-05 12:13:24.922857+00	2026-06-05 12:13:24.922484+00		343e66f1-04cb-48bd-8f5a-850c585fbcb7	126760	2026-05-12 13:18:05.681649+00			f	f	0	\N
pbkdf2_sha256$720000$9FhCfzZVtIvbXFeDf5yOVD$bf4acuXSIKgT3h0T+6kB+TcmqZbCmu5fOOrXipkq2TQ=	\N	f	Nick			f	t	2026-05-18 07:03:55.097256+00	146ccd6b-5b82-421e-b6fa-bfd4fb39c36f	nicholuswanga66@gmail.com	797370179	TENANT	ACTIVE	VERIFIED	\N	2026-05-18 07:03:55.097921+00	Nicholas Wanga	\N	2026-05-18 07:43:38.81909+00	2026-05-18 07:43:38.818903+00		343e66f1-04cb-48bd-8f5a-850c585fbcb7	753002	2026-05-18 07:13:55.309234+00			f	f	0	\N
pbkdf2_sha256$720000$FNkycJyKX9Uqmk4BNRxg5m$jyKqoUfWgUCkLO9IFlQr2tvl4OkFCcdwPxU9kZHppvA=	\N	t	admin			t	t	2026-05-12 11:51:30.18229+00	343e66f1-04cb-48bd-8f5a-850c585fbcb7	info@tyrenthomes.com		ADMIN	ACTIVE	VERIFIED	\N	2026-05-12 11:51:30.300101+00		\N	2026-05-12 11:51:30.300108+00	\N	\N	\N	\N	\N			t	f	0	\N
pbkdf2_sha256$720000$GCYyU0M9W3RtBCWIUxl6f4$aaJRH+x81NXCTO9mgfj+nY1smaFEcCesD6p6482hrhc=	\N	f	Moses254			f	t	2026-05-12 14:14:28.859269+00	d9b4e812-a381-4c43-8bb7-9abdbd64bec6	omondimoses513@gmail.com	758171116	TENANT	ACTIVE	VERIFIED	\N	2026-05-12 14:14:28.861314+00	Omondi Moses	\N	2026-05-12 16:40:43.227114+00	2026-05-12 16:40:43.226897+00		343e66f1-04cb-48bd-8f5a-850c585fbcb7	\N	\N			t	t	0	\N
pbkdf2_sha256$720000$kwWDpTcO6kASqftkYiuSMF$gHhsbgw//aBZj9a05toUlwf0PNKYAj58KAcoX1S2KgU=	\N	f	Marion			f	t	2026-05-18 07:08:03.04959+00	7e5f2eaa-fe9b-44b6-b403-93bd5338ba32	achiengmarion56@gmail.com	740153075	TENANT	ACTIVE	VERIFIED	\N	2026-05-18 07:08:03.050161+00	Marion Achieng	\N	2026-05-18 14:33:43.109192+00	2026-05-18 14:33:43.108701+00		343e66f1-04cb-48bd-8f5a-850c585fbcb7	\N	\N			t	t	0	\N
pbkdf2_sha256$720000$FHpLKpKcR2mN0GpzwBgqKz$8n4zIxhsUb7UCCOn/7f9P05+jDbP//v40stwEZmf4i0=	\N	f	Valence			f	t	2026-05-20 06:44:38.301564+00	96f8be31-adf6-4714-bcbd-fdb682413aa3	valenceotieno14@gmail.com	717333083	TENANT	ACTIVE	VERIFIED	\N	2026-05-20 06:44:38.302412+00	Valence Otieno	\N	2026-05-21 15:12:40.196459+00	2026-05-21 15:12:40.196063+00		343e66f1-04cb-48bd-8f5a-850c585fbcb7	\N	\N			t	t	0	\N
pbkdf2_sha256$720000$HhY078Vje1dHfkkx5JogUt$VWfIpgsvG5fBR9mFRiLgfTDxRzdbgVIht/RNOKHejuU=	\N	f	ivyadisa			f	t	2026-05-19 21:15:01.835492+00	6304a4f8-9718-4b89-838a-67a2506e95b2	ivyadisa7@gmail.com	743594486	TENANT	ACTIVE	VERIFIED	\N	2026-05-19 21:15:01.836271+00	Ivy Adisa	\N	2026-05-20 05:01:49.151225+00	2026-05-20 05:01:49.15082+00		343e66f1-04cb-48bd-8f5a-850c585fbcb7	\N	\N			t	t	1	2026-05-19 21:15:30.071715+00
pbkdf2_sha256$720000$sT1RUj8rI83KvesJ9QVLQI$kC8e4hEHKj0ENF1VyhrQjYpx0o/iXEgr3wRtuB0mVqc=	\N	f	Val			f	t	2026-05-18 09:13:27.848696+00	bf116b8e-f44d-42b0-8b51-9f288d376e21	mo5683317@gmail.com	705436911	TENANT	ACTIVE	VERIFIED	\N	2026-05-18 09:13:27.849091+00	Valentine Akinyi	\N	2026-05-20 05:01:59.374537+00	2026-05-20 05:01:59.373784+00		343e66f1-04cb-48bd-8f5a-850c585fbcb7	\N	\N			t	t	0	\N
pbkdf2_sha256$720000$OxbHRgcm1PbdTIWYNiGy1s$jLFpEHRfZz4MppJ7LT9ean1LcGqGGrUDXWKQi/d0ElE=	\N	f	Ivy			f	t	2026-06-05 06:26:47.07426+00	e9dfb7a1-f6af-4b05-814c-24312d61939d	ivymakokha7@gmail.com	743594486	LANDLORD	ACTIVE	VERIFIED	\N	2026-06-05 06:26:48.624634+00		41544197	2026-06-05 12:12:47.004747+00	2026-06-05 12:12:47.00442+00		343e66f1-04cb-48bd-8f5a-850c585fbcb7	191016	2026-06-05 06:36:48.833691+00	media/uploads/national_ids/ChatGPT_Image_Jun_5_2026_09_19_59_AM_duy9er		f	f	0	\N
pbkdf2_sha256$720000$WdMnJbVcxBvVQyFl7SE1ii$oDPQseDUetCz3/6l3rqNTQC5HfrxPLkIun50AxEglSk=	\N	f	Omons			f	t	2026-05-21 11:12:54.352952+00	a8d926db-8f17-4ec3-8fa5-5d2a53e24db6	igbinomwanhia@equilibriumzone.org		TENANT	ACTIVE	VERIFIED	\N	2026-05-21 11:12:54.353618+00	Omons	\N	2026-05-21 15:12:43.845587+00	2026-05-21 15:12:43.845114+00		343e66f1-04cb-48bd-8f5a-850c585fbcb7	\N	\N			t	t	0	\N
pbkdf2_sha256$720000$ROoVjFmmxx8x2UnQb1ZZlP$pI9YJVOskjbuJiFM3+ISf9SDBP3cf1rL0/VfUBK+XNg=	\N	f	jon			f	t	2026-06-03 16:01:37.394863+00	9cb31965-7624-44d3-92ed-7b0782373773	it.intern1@ipstc.org	719144307	LANDLORD	ACTIVE	VERIFIED	\N	2026-06-03 16:01:38.62908+00	jon	11112222	2026-06-05 12:12:59.297632+00	2026-06-05 12:12:59.297238+00		343e66f1-04cb-48bd-8f5a-850c585fbcb7	\N	\N	media/uploads/national_ids/Screenshot_2026-06-03-18-54-49_17952_pzmi3t		t	t	0	\N
pbkdf2_sha256$720000$13Wo93mUFBknc7oJPv3Vxr$YodlOdbP+DzJthZbp5Hqq8Q6rIVal7VQQ/5TqFlJ66c=	\N	f	Jon			f	t	2026-05-20 06:28:14.342927+00	48f8c712-ded1-483e-bb40-7fd26f06a4a8	startabase@gmail.com	719144307	TENANT	ACTIVE	VERIFIED	\N	2026-05-20 06:28:14.343734+00	John Maina Wambui	\N	2026-05-22 10:07:36.240489+00	2026-05-21 15:12:32.766889+00		343e66f1-04cb-48bd-8f5a-850c585fbcb7	\N	\N			t	f	0	\N
pbkdf2_sha256$720000$APlpJjHsxz6hVYorF6Gniq$5H9pMguPCMxByqIoPGN5MTvUnNoQCAsv1/ibjck1nzo=	\N	f	ivy@07			f	t	2026-06-05 06:33:41.057626+00	34aeffe2-3fab-4a0a-bb8f-fd19a4b90e46	ivymakokha07@gmail.com	743594486	LANDLORD	ACTIVE	VERIFIED	\N	2026-06-05 06:33:42.627261+00		41544197	2026-06-05 12:13:09.206789+00	2026-06-05 12:13:09.206425+00		343e66f1-04cb-48bd-8f5a-850c585fbcb7	\N	\N	media/uploads/national_ids/ChatGPT_Image_Jun_5_2026_09_19_59_AM_pe9hni		t	t	1	2026-06-05 06:35:25.822186+00
pbkdf2_sha256$720000$1p0ijpNrTXtRBdkJgkY0Jz$PyBThV4jYHqdDjHgqGzXyg9wiy9BlXPsrTEKr5Y34gM=	\N	f	Linet			f	t	2026-05-25 13:59:23.229127+00	a8e6cbf7-c119-4a27-a624-89eca7ab5346	linetnanzala52@gmail.com	743980945	LANDLORD	ACTIVE	VERIFIED	\N	2026-05-25 13:59:24.186061+00	Nicholas Wanga	38649695	2026-06-20 21:39:38.043947+00	2026-05-25 14:32:08.767166+00		343e66f1-04cb-48bd-8f5a-850c585fbcb7	\N	\N	media/uploads/national_ids/WhatsApp_Image_2026-05-25_at_06.55.28_vpgbly	media/uploads/profile_pics/download_dfvfqo	t	t	0	\N
pbkdf2_sha256$720000$tiaIld76yDkjMrZ5qByYkn$4QQsc80RioJQyYfgXjollL5RfQtTO7ZifAuXcpnyvzs=	\N	f	Chris			f	t	2026-05-12 18:04:40.323662+00	2a13bf60-e8bb-42a7-b921-af0b4bcc9933	wafulachristopher515@gmail.com	723681762	LANDLORD	ACTIVE	VERIFIED	\N	2026-05-12 18:04:41.905823+00	Christopher Wafula	13876615	2026-06-11 12:03:37.805985+00	2026-05-12 19:04:03.702888+00		343e66f1-04cb-48bd-8f5a-850c585fbcb7	\N	\N	media/uploads/national_ids/pexels-bibekghosh-14553707_sdqd0o	media/uploads/profile_pics/1000651901_xjdilv	t	t	0	\N
pbkdf2_sha256$720000$1kNbrBRrZixJKr1WBF183f$obio4XzCafdPettJAKHbQSRaExpOawAM+HaHaBCaqls=	\N	f	DERRICK			f	t	2026-06-21 11:03:25.027465+00	2996e701-5658-4814-8d94-0f1c203831ad	derrickokinyi4@gmail.com	720386085	TENANT	ACTIVE	VERIFIED	\N	2026-06-21 11:03:25.027887+00	DERRICK CHIDI	\N	2026-06-22 09:19:47.552453+00	2026-06-22 09:19:47.552302+00		343e66f1-04cb-48bd-8f5a-850c585fbcb7	320025	2026-06-21 12:29:36.406507+00			f	f	1	2026-06-21 12:19:36.400228+00
pbkdf2_sha256$720000$lmkwa4iX6TWhwf2amdHHOl$3X1OW7wA6Xjo+xyy96pWFfptWN2LCy9i/j66yu8P8rg=	\N	f	Missmoney			f	t	2026-06-22 08:41:55.041096+00	d7a441f6-73dd-42f5-a6c2-6cba6a041b6f	machariafatmah@gmail.com	718148204	TENANT	ACTIVE	VERIFIED	\N	2026-06-22 08:41:55.041413+00	Fatuma Macharia	\N	2026-06-22 09:19:54.246838+00	2026-06-22 09:19:54.246643+00		343e66f1-04cb-48bd-8f5a-850c585fbcb7	\N	\N			t	t	0	\N
pbkdf2_sha256$720000$vLUTbEir8rt4pb0tG6F3C8$Gzr2hkwYVEt0z3ROaRzFozBipFmUsak3mcWvvAmsxYI=	\N	f	tyrent_h			f	t	2026-07-04 21:56:30.705629+00	ce8f014c-1c42-4e21-ba5b-b039d66d62be	tyrenthousing@gmail.com	700556677	TENANT	ACTIVE	VERIFIED	\N	2026-07-04 21:56:30.706031+00	Tyrent Housing	\N	2026-07-04 21:57:52.072126+00	2026-07-04 21:57:52.071954+00		343e66f1-04cb-48bd-8f5a-850c585fbcb7	\N	\N			t	t	0	\N
pbkdf2_sha256$720000$cfLG6DD3yNimG2Ly5GXQit$cnn01QLuhhBFD8g7bbuEdRyDWdZSyY1JpSelLTsTgA0=	\N	f	doe			f	t	2026-07-04 21:34:02.848575+00	23804ce7-6b48-42f6-abbc-4c7422a0f86e	wagew44362@homephit.com	700774455	LANDLORD	ACTIVE	VERIFIED	\N	2026-07-04 21:34:04.046446+00	John Doe	13661587	2026-07-04 21:38:36.031707+00	2026-07-04 21:38:36.031496+00		343e66f1-04cb-48bd-8f5a-850c585fbcb7	\N	\N	media/uploads/national_ids/WhatsApp_Image_2026-05-31_at_11.41.34_jip5pc		t	t	0	\N
pbkdf2_sha256$720000$xGazQtJfLLfnJp6bYdUuFM$KCHlzbNqKiHIgEAxT858kcfGNZLRSfJmxNaVEzEDS7c=	\N	f	Nams			f	t	2026-06-20 04:28:40.090307+00	d5e7b147-7362-4b15-8443-e2d217a9bcd5	namutimothy5@gmail.com	722149841	TENANT	ACTIVE	VERIFIED	\N	2026-06-20 04:28:40.090953+00	Timothy Namutala	\N	2026-06-22 09:19:36.743399+00	2026-06-22 09:19:36.743249+00		343e66f1-04cb-48bd-8f5a-850c585fbcb7	\N	\N			t	t	1	2026-06-20 04:29:44.810832+00
pbkdf2_sha256$720000$Em8VQ2nArFolQY8rRdyqhK$rj90f7C5GPhbOZU2fN49s90PsuQ/4ILIvcLbuob3U+s=	\N	f	Derick			f	t	2026-07-05 20:56:28.965811+00	d057fa29-b1f0-48c1-b035-adbca37b28b4	dcee54814@gmail.com	720386085	TENANT	ACTIVE	VERIFIED	\N	2026-07-05 20:56:28.96625+00	Derick Chidi Okinyi	\N	2026-07-06 11:19:06.30944+00	2026-07-06 11:19:06.309247+00		343e66f1-04cb-48bd-8f5a-850c585fbcb7	\N	\N			t	t	0	\N
pbkdf2_sha256$720000$fSnhZ0bUKtChooLzgY4l8W$eoxJqeP7/3gJvcFEjH2zhSwAvTpfFpU5cOXvnfJJGlA=	\N	f	tyrent			f	t	2026-07-04 21:54:37.156611+00	782f89e9-df41-442e-8c0b-b29ebfdece36	tyrenthomes@gmail.com	700445566	TENANT	ACTIVE	VERIFIED	\N	2026-07-04 21:54:37.157091+00	Tyrent Housing	\N	2026-07-06 11:19:00.673223+00	2026-07-06 11:19:00.672962+00		343e66f1-04cb-48bd-8f5a-850c585fbcb7	563979	2026-07-04 22:04:37.297019+00			f	f	0	\N
pbkdf2_sha256$720000$qrio9nbV8mgtnocHAW91f0$DEzOAdUg9smSw0YDf2XtbzsdjUNsNdpDyjkOX7l3ygs=	\N	f	Peter			f	t	2026-07-06 13:28:00.359439+00	17cc8509-13df-4d2c-97c1-28f3cce1e013	peterwanyoike570@gmail.com	762815396	LANDLORD	ACTIVE	VERIFIED	\N	2026-07-06 13:28:01.397297+00	Peter Wanyoike	26463689	2026-07-06 13:32:19.495165+00	2026-07-06 13:32:19.494954+00		343e66f1-04cb-48bd-8f5a-850c585fbcb7	\N	\N	media/uploads/national_ids/Peter_th37o0		t	t	0	\N
\.


--
-- Data for Name: users_user_groups; Type: TABLE DATA; Schema: public; Owner: postgres
--

COPY public.users_user_groups (id, user_id, group_id) FROM stdin;
\.


--
-- Data for Name: users_user_user_permissions; Type: TABLE DATA; Schema: public; Owner: postgres
--

COPY public.users_user_user_permissions (id, user_id, permission_id) FROM stdin;
\.


--
-- Data for Name: verification_verification; Type: TABLE DATA; Schema: public; Owner: postgres
--

COPY public.verification_verification (id, status, report, verification_date, created_at, updated_at, apartment_id, assigned_agent_id) FROM stdin;
\.


--
-- Data for Name: verification_verificationimage; Type: TABLE DATA; Schema: public; Owner: postgres
--

COPY public.verification_verificationimage (id, image, uploaded_at, verification_id) FROM stdin;
\.


--
-- Data for Name: wallet_pendingpayment; Type: TABLE DATA; Schema: public; Owner: postgres
--

COPY public.wallet_pendingpayment (id, phone_number, amount, checkout_request_id, merchant_request_id, created_at, unit_id, user_id, status) FROM stdin;
cf6b1e95-6224-4a17-ac87-1abdff695b3e	+254706737539	10.00	ws_CO_13052026125201571706737539	355b-4026-b204-e6a03fb58edf4250	2026-05-13 09:52:01.988073+00	cda4de01-6e17-4601-9d01-1d3036e85fa7	d9b4e812-a381-4c43-8bb7-9abdbd64bec6	PENDING
7322bf4f-d072-440b-b844-1920b15989da	+254706737539	10.00	ws_CO_18052026170245989706737539	dda7-4512-9b45-2df1b362f83b51892	2026-05-18 14:02:46.387526+00	cda4de01-6e17-4601-9d01-1d3036e85fa7	bf116b8e-f44d-42b0-8b51-9f288d376e21	PENDING
27fc11c0-387f-4510-a868-40b74a43ef95	254797370179	10.00	R5XWWGY	\N	2026-07-05 13:43:47.179951+00	e017db0b-c0cb-41a1-9812-ceb568621ddb	7e5f2eaa-fe9b-44b6-b403-93bd5338ba32	PENDING
\.


--
-- Data for Name: wallet_subscription; Type: TABLE DATA; Schema: public; Owner: postgres
--

COPY public.wallet_subscription (id, status, expires_at, created_at, updated_at, apartment_id, landlord_id, transaction_id) FROM stdin;
\.


--
-- Data for Name: wallet_wallet; Type: TABLE DATA; Schema: public; Owner: postgres
--

COPY public.wallet_wallet (id, wallet_type, balance, currency, bank_account_name, bank_account_number, bank_name, swift_code, created_at, updated_at, user_id) FROM stdin;
8e24338f-9bba-49be-81e0-e9d3b7a1eac3	LANDLORD	0.00	KES	\N	\N	\N	\N	2026-05-12 19:04:44.002438+00	2026-05-12 19:04:44.002469+00	2a13bf60-e8bb-42a7-b921-af0b4bcc9933
be191459-6ac0-4d92-bb47-b05453405de1	PLATFORM	0.00	KES	\N	\N	\N	\N	2026-05-13 09:49:07.411598+00	2026-05-13 09:49:07.411616+00	d9b4e812-a381-4c43-8bb7-9abdbd64bec6
9fb50f1b-f212-4a36-bb6d-62a7ffadc982	PLATFORM	0.00	KES	\N	\N	\N	\N	2026-05-21 08:12:01.902978+00	2026-05-21 08:12:01.903006+00	7e5f2eaa-fe9b-44b6-b403-93bd5338ba32
f6bafc93-fe53-41c9-8190-4adf89578a10	PLATFORM	0.00	KES	\N	\N	\N	\N	2026-05-21 18:18:27.92529+00	2026-05-21 18:18:27.925316+00	a8d926db-8f17-4ec3-8fa5-5d2a53e24db6
b2c78c40-8b7f-4f61-83ec-76d3bd03ecf3	PLATFORM	0.00	KES	\N	\N	\N	\N	2026-05-21 22:00:55.91242+00	2026-05-21 22:00:55.912447+00	bf116b8e-f44d-42b0-8b51-9f288d376e21
c19624dd-2115-458b-8a70-3e54cae6a726	PLATFORM	0.00	KES	\N	\N	\N	\N	2026-05-22 10:07:58.259096+00	2026-05-22 10:07:58.259118+00	48f8c712-ded1-483e-bb40-7fd26f06a4a8
14506355-9f47-4765-a653-2f25c709bce3	LANDLORD	0.00	KES	\N	\N	\N	\N	2026-05-25 14:35:20.797756+00	2026-05-25 14:35:20.797775+00	a8e6cbf7-c119-4a27-a624-89eca7ab5346
a3e62abe-18c8-430d-a982-5e86e1162105	PLATFORM	0.00	KES	\N	\N	\N	\N	2026-05-27 23:26:24.189901+00	2026-05-27 23:26:24.189935+00	96f8be31-adf6-4714-bcbd-fdb682413aa3
b691cf3d-533a-48d5-8763-446dbf70863a	PLATFORM	0.00	KES	\N	\N	\N	\N	2026-06-01 09:00:07.574292+00	2026-06-01 09:00:07.574327+00	6304a4f8-9718-4b89-838a-67a2506e95b2
95688b48-598e-4f43-be36-05a0a151a388	LANDLORD	0.00	KES	\N	\N	\N	\N	2026-06-05 13:46:36.930953+00	2026-06-05 13:46:36.93098+00	9cb31965-7624-44d3-92ed-7b0782373773
d984fd18-72bd-44e5-8749-8a86dd773746	LANDLORD	0.00	KES	\N	\N	\N	\N	2026-07-04 21:40:05.920147+00	2026-07-04 21:40:05.920167+00	23804ce7-6b48-42f6-abbc-4c7422a0f86e
80b36956-fd20-4fac-bc08-9b8d7d4f3232	PLATFORM	0.00	KES	\N	\N	\N	\N	2026-07-04 21:58:26.899224+00	2026-07-04 21:58:26.899239+00	ce8f014c-1c42-4e21-ba5b-b039d66d62be
edd65b0f-cd21-4f38-a3e2-09a428e0441a	LANDLORD	0.00	KES	\N	\N	\N	\N	2026-07-06 13:32:34.732137+00	2026-07-06 13:32:34.732148+00	17cc8509-13df-4d2c-97c1-28f3cce1e013
7e9e9e3e-8b95-4084-9e2d-9d426e6240fb	PLATFORM	0.00	KES	\N	\N	\N	\N	2026-07-06 18:00:56.038373+00	2026-07-06 18:00:56.038392+00	d7a441f6-73dd-42f5-a6c2-6cba6a041b6f
\.


--
-- Data for Name: wallet_wallettransaction; Type: TABLE DATA; Schema: public; Owner: postgres
--

COPY public.wallet_wallettransaction (id, transaction_type, amount, reference_id, status, created_at, wallet_id, booking_id, description, mpesa_receipt_number, checkout_request_id, merchant_request_id, phone_number) FROM stdin;
2d84d08f-1486-4327-b47e-bcb8f569f943	DEPOSIT	10.00	\N	COMPLETED	2026-07-03 09:08:19.931586+00	be191459-6ac0-4d92-bb47-b05453405de1	60175d0a-5aaa-4d07-8529-6c8bd65aa55d		UG34NA6WIJ	QWK429Q	\N	254706737539
e67e9767-562f-434d-820c-4dff91bc21bc	DEPOSIT	10.00	\N	COMPLETED	2026-07-03 19:10:54.593063+00	be191459-6ac0-4d92-bb47-b05453405de1	5e768fd3-507c-4217-ad6a-d06374d1f50f		UG34NA9L4P	Q6X2EOY	\N	254706737539
5e55ec5f-a9ee-495c-9a15-cc3793792209	DEPOSIT	10.00	\N	COMPLETED	2026-07-03 22:06:17.01889+00	b2c78c40-8b7f-4f61-83ec-76d3bd03ecf3	651a73ac-5abb-441c-b245-09a6ea94a4e1		UG44NA9VNW	Y4XND3Y	\N	254706737539
ef57d696-88cd-4fab-be66-45f7dba6f38c	DEPOSIT	10.00	\N	COMPLETED	2026-07-05 14:51:56.47205+00	80b36956-fd20-4fac-bc08-9b8d7d4f3232	2b6ea8a1-efe3-496e-b57a-0d4343323500		UG54NAGMSI	RG969PQ	\N	254706737539
\.


--
-- Name: auth_group_id_seq; Type: SEQUENCE SET; Schema: public; Owner: postgres
--

SELECT pg_catalog.setval('public.auth_group_id_seq', 1, false);


--
-- Name: auth_group_permissions_id_seq; Type: SEQUENCE SET; Schema: public; Owner: postgres
--

SELECT pg_catalog.setval('public.auth_group_permissions_id_seq', 1, false);


--
-- Name: auth_permission_id_seq; Type: SEQUENCE SET; Schema: public; Owner: postgres
--

SELECT pg_catalog.setval('public.auth_permission_id_seq', 112, true);


--
-- Name: django_admin_log_id_seq; Type: SEQUENCE SET; Schema: public; Owner: postgres
--

SELECT pg_catalog.setval('public.django_admin_log_id_seq', 1, false);


--
-- Name: django_content_type_id_seq; Type: SEQUENCE SET; Schema: public; Owner: postgres
--

SELECT pg_catalog.setval('public.django_content_type_id_seq', 28, true);


--
-- Name: django_migrations_id_seq; Type: SEQUENCE SET; Schema: public; Owner: postgres
--

SELECT pg_catalog.setval('public.django_migrations_id_seq', 57, true);


--
-- Name: properties_apartment_amenities_id_seq; Type: SEQUENCE SET; Schema: public; Owner: postgres
--

SELECT pg_catalog.setval('public.properties_apartment_amenities_id_seq', 16, true);


--
-- Name: users_contactinquiry_id_seq; Type: SEQUENCE SET; Schema: public; Owner: postgres
--

SELECT pg_catalog.setval('public.users_contactinquiry_id_seq', 1, false);


--
-- Name: users_newslettersubscription_id_seq; Type: SEQUENCE SET; Schema: public; Owner: postgres
--

SELECT pg_catalog.setval('public.users_newslettersubscription_id_seq', 1, false);


--
-- Name: users_user_groups_id_seq; Type: SEQUENCE SET; Schema: public; Owner: postgres
--

SELECT pg_catalog.setval('public.users_user_groups_id_seq', 1, false);


--
-- Name: users_user_user_permissions_id_seq; Type: SEQUENCE SET; Schema: public; Owner: postgres
--

SELECT pg_catalog.setval('public.users_user_user_permissions_id_seq', 1, false);


--
-- Name: verification_verification_id_seq; Type: SEQUENCE SET; Schema: public; Owner: postgres
--

SELECT pg_catalog.setval('public.verification_verification_id_seq', 1, false);


--
-- Name: verification_verificationimage_id_seq; Type: SEQUENCE SET; Schema: public; Owner: postgres
--

SELECT pg_catalog.setval('public.verification_verificationimage_id_seq', 1, false);


--
-- Name: auth_group auth_group_name_key; Type: CONSTRAINT; Schema: public; Owner: postgres
--

ALTER TABLE ONLY public.auth_group
    ADD CONSTRAINT auth_group_name_key UNIQUE (name);


--
-- Name: auth_group_permissions auth_group_permissions_group_id_permission_id_0cd325b0_uniq; Type: CONSTRAINT; Schema: public; Owner: postgres
--

ALTER TABLE ONLY public.auth_group_permissions
    ADD CONSTRAINT auth_group_permissions_group_id_permission_id_0cd325b0_uniq UNIQUE (group_id, permission_id);


--
-- Name: auth_group_permissions auth_group_permissions_pkey; Type: CONSTRAINT; Schema: public; Owner: postgres
--

ALTER TABLE ONLY public.auth_group_permissions
    ADD CONSTRAINT auth_group_permissions_pkey PRIMARY KEY (id);


--
-- Name: auth_group auth_group_pkey; Type: CONSTRAINT; Schema: public; Owner: postgres
--

ALTER TABLE ONLY public.auth_group
    ADD CONSTRAINT auth_group_pkey PRIMARY KEY (id);


--
-- Name: auth_permission auth_permission_content_type_id_codename_01ab375a_uniq; Type: CONSTRAINT; Schema: public; Owner: postgres
--

ALTER TABLE ONLY public.auth_permission
    ADD CONSTRAINT auth_permission_content_type_id_codename_01ab375a_uniq UNIQUE (content_type_id, codename);


--
-- Name: auth_permission auth_permission_pkey; Type: CONSTRAINT; Schema: public; Owner: postgres
--

ALTER TABLE ONLY public.auth_permission
    ADD CONSTRAINT auth_permission_pkey PRIMARY KEY (id);


--
-- Name: authtoken_token authtoken_token_pkey; Type: CONSTRAINT; Schema: public; Owner: postgres
--

ALTER TABLE ONLY public.authtoken_token
    ADD CONSTRAINT authtoken_token_pkey PRIMARY KEY (key);


--
-- Name: authtoken_token authtoken_token_user_id_key; Type: CONSTRAINT; Schema: public; Owner: postgres
--

ALTER TABLE ONLY public.authtoken_token
    ADD CONSTRAINT authtoken_token_user_id_key UNIQUE (user_id);


--
-- Name: bookings_booking bookings_booking_booking_confirmation_code_key; Type: CONSTRAINT; Schema: public; Owner: postgres
--

ALTER TABLE ONLY public.bookings_booking
    ADD CONSTRAINT bookings_booking_booking_confirmation_code_key UNIQUE (booking_confirmation_code);


--
-- Name: bookings_booking bookings_booking_pkey; Type: CONSTRAINT; Schema: public; Owner: postgres
--

ALTER TABLE ONLY public.bookings_booking
    ADD CONSTRAINT bookings_booking_pkey PRIMARY KEY (id);


--
-- Name: django_admin_log django_admin_log_pkey; Type: CONSTRAINT; Schema: public; Owner: postgres
--

ALTER TABLE ONLY public.django_admin_log
    ADD CONSTRAINT django_admin_log_pkey PRIMARY KEY (id);


--
-- Name: django_content_type django_content_type_app_label_model_76bd3d3b_uniq; Type: CONSTRAINT; Schema: public; Owner: postgres
--

ALTER TABLE ONLY public.django_content_type
    ADD CONSTRAINT django_content_type_app_label_model_76bd3d3b_uniq UNIQUE (app_label, model);


--
-- Name: django_content_type django_content_type_pkey; Type: CONSTRAINT; Schema: public; Owner: postgres
--

ALTER TABLE ONLY public.django_content_type
    ADD CONSTRAINT django_content_type_pkey PRIMARY KEY (id);


--
-- Name: django_migrations django_migrations_pkey; Type: CONSTRAINT; Schema: public; Owner: postgres
--

ALTER TABLE ONLY public.django_migrations
    ADD CONSTRAINT django_migrations_pkey PRIMARY KEY (id);


--
-- Name: django_session django_session_pkey; Type: CONSTRAINT; Schema: public; Owner: postgres
--

ALTER TABLE ONLY public.django_session
    ADD CONSTRAINT django_session_pkey PRIMARY KEY (session_key);


--
-- Name: notifications_notification notifications_notification_pkey; Type: CONSTRAINT; Schema: public; Owner: postgres
--

ALTER TABLE ONLY public.notifications_notification
    ADD CONSTRAINT notifications_notification_pkey PRIMARY KEY (id);


--
-- Name: notifications_notificationsetting notifications_notificationsetting_pkey; Type: CONSTRAINT; Schema: public; Owner: postgres
--

ALTER TABLE ONLY public.notifications_notificationsetting
    ADD CONSTRAINT notifications_notificationsetting_pkey PRIMARY KEY (id);


--
-- Name: notifications_notificationsetting notifications_notificationsetting_user_id_key; Type: CONSTRAINT; Schema: public; Owner: postgres
--

ALTER TABLE ONLY public.notifications_notificationsetting
    ADD CONSTRAINT notifications_notificationsetting_user_id_key UNIQUE (user_id);


--
-- Name: properties_amenity properties_amenity_name_key; Type: CONSTRAINT; Schema: public; Owner: postgres
--

ALTER TABLE ONLY public.properties_amenity
    ADD CONSTRAINT properties_amenity_name_key UNIQUE (name);


--
-- Name: properties_amenity properties_amenity_pkey; Type: CONSTRAINT; Schema: public; Owner: postgres
--

ALTER TABLE ONLY public.properties_amenity
    ADD CONSTRAINT properties_amenity_pkey PRIMARY KEY (id);


--
-- Name: properties_apartment_amenities properties_apartment_ame_apartment_id_amenity_id_9ffaec7b_uniq; Type: CONSTRAINT; Schema: public; Owner: postgres
--

ALTER TABLE ONLY public.properties_apartment_amenities
    ADD CONSTRAINT properties_apartment_ame_apartment_id_amenity_id_9ffaec7b_uniq UNIQUE (apartment_id, amenity_id);


--
-- Name: properties_apartment_amenities properties_apartment_amenities_pkey; Type: CONSTRAINT; Schema: public; Owner: postgres
--

ALTER TABLE ONLY public.properties_apartment_amenities
    ADD CONSTRAINT properties_apartment_amenities_pkey PRIMARY KEY (id);


--
-- Name: properties_apartment properties_apartment_pkey; Type: CONSTRAINT; Schema: public; Owner: postgres
--

ALTER TABLE ONLY public.properties_apartment
    ADD CONSTRAINT properties_apartment_pkey PRIMARY KEY (id);


--
-- Name: properties_apartmentamenitydistance properties_apartmentamen_apartment_id_amenity_typ_977bbe61_uniq; Type: CONSTRAINT; Schema: public; Owner: postgres
--

ALTER TABLE ONLY public.properties_apartmentamenitydistance
    ADD CONSTRAINT properties_apartmentamen_apartment_id_amenity_typ_977bbe61_uniq UNIQUE (apartment_id, amenity_type);


--
-- Name: properties_apartmentamenitydistance properties_apartmentamenitydistance_pkey; Type: CONSTRAINT; Schema: public; Owner: postgres
--

ALTER TABLE ONLY public.properties_apartmentamenitydistance
    ADD CONSTRAINT properties_apartmentamenitydistance_pkey PRIMARY KEY (id);


--
-- Name: properties_keyamenity properties_keyamenity_amenity_type_name_6454f28e_uniq; Type: CONSTRAINT; Schema: public; Owner: postgres
--

ALTER TABLE ONLY public.properties_keyamenity
    ADD CONSTRAINT properties_keyamenity_amenity_type_name_6454f28e_uniq UNIQUE (amenity_type, name);


--
-- Name: properties_keyamenity properties_keyamenity_pkey; Type: CONSTRAINT; Schema: public; Owner: postgres
--

ALTER TABLE ONLY public.properties_keyamenity
    ADD CONSTRAINT properties_keyamenity_pkey PRIMARY KEY (id);


--
-- Name: properties_leaseagreement properties_leaseagreement_pkey; Type: CONSTRAINT; Schema: public; Owner: postgres
--

ALTER TABLE ONLY public.properties_leaseagreement
    ADD CONSTRAINT properties_leaseagreement_pkey PRIMARY KEY (id);


--
-- Name: properties_reservation properties_reservation_pkey; Type: CONSTRAINT; Schema: public; Owner: postgres
--

ALTER TABLE ONLY public.properties_reservation
    ADD CONSTRAINT properties_reservation_pkey PRIMARY KEY (id);


--
-- Name: properties_review properties_review_apartment_id_user_id_1dab74ae_uniq; Type: CONSTRAINT; Schema: public; Owner: postgres
--

ALTER TABLE ONLY public.properties_review
    ADD CONSTRAINT properties_review_apartment_id_user_id_1dab74ae_uniq UNIQUE (apartment_id, user_id);


--
-- Name: properties_review properties_review_pkey; Type: CONSTRAINT; Schema: public; Owner: postgres
--

ALTER TABLE ONLY public.properties_review
    ADD CONSTRAINT properties_review_pkey PRIMARY KEY (id);


--
-- Name: properties_tour properties_tour_pkey; Type: CONSTRAINT; Schema: public; Owner: postgres
--

ALTER TABLE ONLY public.properties_tour
    ADD CONSTRAINT properties_tour_pkey PRIMARY KEY (id);


--
-- Name: properties_unit properties_unit_apartment_id_unit_number_or_id_8ac3d691_uniq; Type: CONSTRAINT; Schema: public; Owner: postgres
--

ALTER TABLE ONLY public.properties_unit
    ADD CONSTRAINT properties_unit_apartment_id_unit_number_or_id_8ac3d691_uniq UNIQUE (apartment_id, unit_number_or_id);


--
-- Name: properties_unit properties_unit_pkey; Type: CONSTRAINT; Schema: public; Owner: postgres
--

ALTER TABLE ONLY public.properties_unit
    ADD CONSTRAINT properties_unit_pkey PRIMARY KEY (id);


--
-- Name: users_contactinquiry users_contactinquiry_pkey; Type: CONSTRAINT; Schema: public; Owner: postgres
--

ALTER TABLE ONLY public.users_contactinquiry
    ADD CONSTRAINT users_contactinquiry_pkey PRIMARY KEY (id);


--
-- Name: users_newslettersubscription users_newslettersubscription_email_key; Type: CONSTRAINT; Schema: public; Owner: postgres
--

ALTER TABLE ONLY public.users_newslettersubscription
    ADD CONSTRAINT users_newslettersubscription_email_key UNIQUE (email);


--
-- Name: users_newslettersubscription users_newslettersubscription_pkey; Type: CONSTRAINT; Schema: public; Owner: postgres
--

ALTER TABLE ONLY public.users_newslettersubscription
    ADD CONSTRAINT users_newslettersubscription_pkey PRIMARY KEY (id);


--
-- Name: users_user users_user_email_key; Type: CONSTRAINT; Schema: public; Owner: postgres
--

ALTER TABLE ONLY public.users_user
    ADD CONSTRAINT users_user_email_key UNIQUE (email);


--
-- Name: users_user_groups users_user_groups_pkey; Type: CONSTRAINT; Schema: public; Owner: postgres
--

ALTER TABLE ONLY public.users_user_groups
    ADD CONSTRAINT users_user_groups_pkey PRIMARY KEY (id);


--
-- Name: users_user_groups users_user_groups_user_id_group_id_b88eab82_uniq; Type: CONSTRAINT; Schema: public; Owner: postgres
--

ALTER TABLE ONLY public.users_user_groups
    ADD CONSTRAINT users_user_groups_user_id_group_id_b88eab82_uniq UNIQUE (user_id, group_id);


--
-- Name: users_user users_user_pkey; Type: CONSTRAINT; Schema: public; Owner: postgres
--

ALTER TABLE ONLY public.users_user
    ADD CONSTRAINT users_user_pkey PRIMARY KEY (id);


--
-- Name: users_user_user_permissions users_user_user_permissions_pkey; Type: CONSTRAINT; Schema: public; Owner: postgres
--

ALTER TABLE ONLY public.users_user_user_permissions
    ADD CONSTRAINT users_user_user_permissions_pkey PRIMARY KEY (id);


--
-- Name: users_user_user_permissions users_user_user_permissions_user_id_permission_id_43338c45_uniq; Type: CONSTRAINT; Schema: public; Owner: postgres
--

ALTER TABLE ONLY public.users_user_user_permissions
    ADD CONSTRAINT users_user_user_permissions_user_id_permission_id_43338c45_uniq UNIQUE (user_id, permission_id);


--
-- Name: users_user users_user_username_key; Type: CONSTRAINT; Schema: public; Owner: postgres
--

ALTER TABLE ONLY public.users_user
    ADD CONSTRAINT users_user_username_key UNIQUE (username);


--
-- Name: verification_verification verification_verification_pkey; Type: CONSTRAINT; Schema: public; Owner: postgres
--

ALTER TABLE ONLY public.verification_verification
    ADD CONSTRAINT verification_verification_pkey PRIMARY KEY (id);


--
-- Name: verification_verificationimage verification_verificationimage_pkey; Type: CONSTRAINT; Schema: public; Owner: postgres
--

ALTER TABLE ONLY public.verification_verificationimage
    ADD CONSTRAINT verification_verificationimage_pkey PRIMARY KEY (id);


--
-- Name: wallet_pendingpayment wallet_pendingpayment_checkout_request_id_key; Type: CONSTRAINT; Schema: public; Owner: postgres
--

ALTER TABLE ONLY public.wallet_pendingpayment
    ADD CONSTRAINT wallet_pendingpayment_checkout_request_id_key UNIQUE (checkout_request_id);


--
-- Name: wallet_pendingpayment wallet_pendingpayment_pkey; Type: CONSTRAINT; Schema: public; Owner: postgres
--

ALTER TABLE ONLY public.wallet_pendingpayment
    ADD CONSTRAINT wallet_pendingpayment_pkey PRIMARY KEY (id);


--
-- Name: wallet_subscription wallet_subscription_pkey; Type: CONSTRAINT; Schema: public; Owner: postgres
--

ALTER TABLE ONLY public.wallet_subscription
    ADD CONSTRAINT wallet_subscription_pkey PRIMARY KEY (id);


--
-- Name: wallet_subscription wallet_subscription_transaction_id_key; Type: CONSTRAINT; Schema: public; Owner: postgres
--

ALTER TABLE ONLY public.wallet_subscription
    ADD CONSTRAINT wallet_subscription_transaction_id_key UNIQUE (transaction_id);


--
-- Name: wallet_wallet wallet_wallet_pkey; Type: CONSTRAINT; Schema: public; Owner: postgres
--

ALTER TABLE ONLY public.wallet_wallet
    ADD CONSTRAINT wallet_wallet_pkey PRIMARY KEY (id);


--
-- Name: wallet_wallettransaction wallet_wallettransaction_checkout_request_id_key; Type: CONSTRAINT; Schema: public; Owner: postgres
--

ALTER TABLE ONLY public.wallet_wallettransaction
    ADD CONSTRAINT wallet_wallettransaction_checkout_request_id_key UNIQUE (checkout_request_id);


--
-- Name: wallet_wallettransaction wallet_wallettransaction_pkey; Type: CONSTRAINT; Schema: public; Owner: postgres
--

ALTER TABLE ONLY public.wallet_wallettransaction
    ADD CONSTRAINT wallet_wallettransaction_pkey PRIMARY KEY (id);


--
-- Name: auth_group_name_a6ea08ec_like; Type: INDEX; Schema: public; Owner: postgres
--

CREATE INDEX auth_group_name_a6ea08ec_like ON public.auth_group USING btree (name varchar_pattern_ops);


--
-- Name: auth_group_permissions_group_id_b120cbf9; Type: INDEX; Schema: public; Owner: postgres
--

CREATE INDEX auth_group_permissions_group_id_b120cbf9 ON public.auth_group_permissions USING btree (group_id);


--
-- Name: auth_group_permissions_permission_id_84c5c92e; Type: INDEX; Schema: public; Owner: postgres
--

CREATE INDEX auth_group_permissions_permission_id_84c5c92e ON public.auth_group_permissions USING btree (permission_id);


--
-- Name: auth_permission_content_type_id_2f476e4b; Type: INDEX; Schema: public; Owner: postgres
--

CREATE INDEX auth_permission_content_type_id_2f476e4b ON public.auth_permission USING btree (content_type_id);


--
-- Name: authtoken_token_key_10f0b77e_like; Type: INDEX; Schema: public; Owner: postgres
--

CREATE INDEX authtoken_token_key_10f0b77e_like ON public.authtoken_token USING btree (key varchar_pattern_ops);


--
-- Name: bookings_booking_booking_confirmation_code_0c74e057_like; Type: INDEX; Schema: public; Owner: postgres
--

CREATE INDEX bookings_booking_booking_confirmation_code_0c74e057_like ON public.bookings_booking USING btree (booking_confirmation_code varchar_pattern_ops);


--
-- Name: bookings_booking_landlord_id_b09bc508; Type: INDEX; Schema: public; Owner: postgres
--

CREATE INDEX bookings_booking_landlord_id_b09bc508 ON public.bookings_booking USING btree (landlord_id);


--
-- Name: bookings_booking_lease_agreement_id_4f0a0db1; Type: INDEX; Schema: public; Owner: postgres
--

CREATE INDEX bookings_booking_lease_agreement_id_4f0a0db1 ON public.bookings_booking USING btree (lease_agreement_id);


--
-- Name: bookings_booking_tenant_id_86cf6436; Type: INDEX; Schema: public; Owner: postgres
--

CREATE INDEX bookings_booking_tenant_id_86cf6436 ON public.bookings_booking USING btree (tenant_id);


--
-- Name: bookings_booking_unit_id_c314f0fc; Type: INDEX; Schema: public; Owner: postgres
--

CREATE INDEX bookings_booking_unit_id_c314f0fc ON public.bookings_booking USING btree (unit_id);


--
-- Name: django_admin_log_content_type_id_c4bce8eb; Type: INDEX; Schema: public; Owner: postgres
--

CREATE INDEX django_admin_log_content_type_id_c4bce8eb ON public.django_admin_log USING btree (content_type_id);


--
-- Name: django_admin_log_user_id_c564eba6; Type: INDEX; Schema: public; Owner: postgres
--

CREATE INDEX django_admin_log_user_id_c564eba6 ON public.django_admin_log USING btree (user_id);


--
-- Name: django_session_expire_date_a5c62663; Type: INDEX; Schema: public; Owner: postgres
--

CREATE INDEX django_session_expire_date_a5c62663 ON public.django_session USING btree (expire_date);


--
-- Name: django_session_session_key_c0390e0f_like; Type: INDEX; Schema: public; Owner: postgres
--

CREATE INDEX django_session_session_key_c0390e0f_like ON public.django_session USING btree (session_key varchar_pattern_ops);


--
-- Name: notificatio_recipie_684eac_idx; Type: INDEX; Schema: public; Owner: postgres
--

CREATE INDEX notificatio_recipie_684eac_idx ON public.notifications_notification USING btree (recipient_id, is_read, created_at DESC);


--
-- Name: notificatio_recipie_a972ce_idx; Type: INDEX; Schema: public; Owner: postgres
--

CREATE INDEX notificatio_recipie_a972ce_idx ON public.notifications_notification USING btree (recipient_id, created_at DESC);


--
-- Name: notifications_notification_recipient_id_d055f3f0; Type: INDEX; Schema: public; Owner: postgres
--

CREATE INDEX notifications_notification_recipient_id_d055f3f0 ON public.notifications_notification USING btree (recipient_id);


--
-- Name: properties__apartme_925b03_idx; Type: INDEX; Schema: public; Owner: postgres
--

CREATE INDEX properties__apartme_925b03_idx ON public.properties_leaseagreement USING btree (apartment_id, version DESC);


--
-- Name: properties__landlor_769cfa_idx; Type: INDEX; Schema: public; Owner: postgres
--

CREATE INDEX properties__landlor_769cfa_idx ON public.properties_apartment USING btree (landlord_id);


--
-- Name: properties__verific_92461b_idx; Type: INDEX; Schema: public; Owner: postgres
--

CREATE INDEX properties__verific_92461b_idx ON public.properties_apartment USING btree (verification_status);


--
-- Name: properties_amenity_name_01a1703a_like; Type: INDEX; Schema: public; Owner: postgres
--

CREATE INDEX properties_amenity_name_01a1703a_like ON public.properties_amenity USING btree (name varchar_pattern_ops);


--
-- Name: properties_apartment_amenities_amenity_id_93de055e; Type: INDEX; Schema: public; Owner: postgres
--

CREATE INDEX properties_apartment_amenities_amenity_id_93de055e ON public.properties_apartment_amenities USING btree (amenity_id);


--
-- Name: properties_apartment_amenities_apartment_id_7fd1fe14; Type: INDEX; Schema: public; Owner: postgres
--

CREATE INDEX properties_apartment_amenities_apartment_id_7fd1fe14 ON public.properties_apartment_amenities USING btree (apartment_id);


--
-- Name: properties_apartment_landlord_id_c9efcb64; Type: INDEX; Schema: public; Owner: postgres
--

CREATE INDEX properties_apartment_landlord_id_c9efcb64 ON public.properties_apartment USING btree (landlord_id);


--
-- Name: properties_apartment_lease_agreement_id_1add3fba; Type: INDEX; Schema: public; Owner: postgres
--

CREATE INDEX properties_apartment_lease_agreement_id_1add3fba ON public.properties_apartment USING btree (lease_agreement_id);


--
-- Name: properties_apartment_verification_status_cfdfee11; Type: INDEX; Schema: public; Owner: postgres
--

CREATE INDEX properties_apartment_verification_status_cfdfee11 ON public.properties_apartment USING btree (verification_status);


--
-- Name: properties_apartment_verification_status_cfdfee11_like; Type: INDEX; Schema: public; Owner: postgres
--

CREATE INDEX properties_apartment_verification_status_cfdfee11_like ON public.properties_apartment USING btree (verification_status varchar_pattern_ops);


--
-- Name: properties_apartmentamenitydistance_apartment_id_c205cd9b; Type: INDEX; Schema: public; Owner: postgres
--

CREATE INDEX properties_apartmentamenitydistance_apartment_id_c205cd9b ON public.properties_apartmentamenitydistance USING btree (apartment_id);


--
-- Name: properties_leaseagreement_apartment_id_c64783ea; Type: INDEX; Schema: public; Owner: postgres
--

CREATE INDEX properties_leaseagreement_apartment_id_c64783ea ON public.properties_leaseagreement USING btree (apartment_id);


--
-- Name: properties_reservation_tenant_id_6d62bdec; Type: INDEX; Schema: public; Owner: postgres
--

CREATE INDEX properties_reservation_tenant_id_6d62bdec ON public.properties_reservation USING btree (tenant_id);


--
-- Name: properties_reservation_unit_id_999271ec; Type: INDEX; Schema: public; Owner: postgres
--

CREATE INDEX properties_reservation_unit_id_999271ec ON public.properties_reservation USING btree (unit_id);


--
-- Name: properties_review_apartment_id_43082b55; Type: INDEX; Schema: public; Owner: postgres
--

CREATE INDEX properties_review_apartment_id_43082b55 ON public.properties_review USING btree (apartment_id);


--
-- Name: properties_review_user_id_7c14a769; Type: INDEX; Schema: public; Owner: postgres
--

CREATE INDEX properties_review_user_id_7c14a769 ON public.properties_review USING btree (user_id);


--
-- Name: properties_tour_apartment_id_3ba90381; Type: INDEX; Schema: public; Owner: postgres
--

CREATE INDEX properties_tour_apartment_id_3ba90381 ON public.properties_tour USING btree (apartment_id);


--
-- Name: properties_tour_user_id_9f470f56; Type: INDEX; Schema: public; Owner: postgres
--

CREATE INDEX properties_tour_user_id_9f470f56 ON public.properties_tour USING btree (user_id);


--
-- Name: properties_unit_apartment_id_e19cc62d; Type: INDEX; Schema: public; Owner: postgres
--

CREATE INDEX properties_unit_apartment_id_e19cc62d ON public.properties_unit USING btree (apartment_id);


--
-- Name: unique_active_verification_per_apartment; Type: INDEX; Schema: public; Owner: postgres
--

CREATE UNIQUE INDEX unique_active_verification_per_apartment ON public.verification_verification USING btree (apartment_id) WHERE ((status)::text = ANY (ARRAY[('PENDING'::character varying)::text, ('ASSIGNED'::character varying)::text, ('IN_PROGRESS'::character varying)::text]));


--
-- Name: users_newslettersubscription_email_849faa3b_like; Type: INDEX; Schema: public; Owner: postgres
--

CREATE INDEX users_newslettersubscription_email_849faa3b_like ON public.users_newslettersubscription USING btree (email varchar_pattern_ops);


--
-- Name: notifications_notification notifications_notifi_recipient_id_d055f3f0_fk_users_use; Type: FK CONSTRAINT; Schema: public; Owner: postgres
--

ALTER TABLE ONLY public.notifications_notification
    ADD CONSTRAINT notifications_notifi_recipient_id_d055f3f0_fk_users_use FOREIGN KEY (recipient_id) REFERENCES public.users_user(id) DEFERRABLE INITIALLY DEFERRED;


--
-- Name: notifications_notificationsetting notifications_notifi_user_id_d478960c_fk_users_use; Type: FK CONSTRAINT; Schema: public; Owner: postgres
--

ALTER TABLE ONLY public.notifications_notificationsetting
    ADD CONSTRAINT notifications_notifi_user_id_d478960c_fk_users_use FOREIGN KEY (user_id) REFERENCES public.users_user(id) DEFERRABLE INITIALLY DEFERRED;


--
-- Name: SCHEMA public; Type: ACL; Schema: -; Owner: postgres
--

REVOKE USAGE ON SCHEMA public FROM PUBLIC;


--
-- PostgreSQL database dump complete
--

\unrestrict luoHhLIH1ItrRTC5YqCpGU1euUKnph9F9ZyEDXlgJgpUKpYKSkeKcZvvMYepeio

